EC	uniprot	description	transferred
1.1.1.170	O43050 P53199 A9X4U2 Q3ZBE9 Q54L85 Q15738 Q9R1J0 Q5PPL3	3-beta-hydroxysteroid-4-alpha-carboxylate 3-dehydrogenase(decarboxylating).	False
1.1.1.270	P14060 P27365 Q60555 P24815 P22071 O35296 Q61767 Q61694 P27364 P56937 O88736 Q62904 Q3ZBV9 Q71R50 Q6UWP2 Q3U0B3 Q74ZZ0 Q874K0 Q6FIV3 Q6BNP0 Q6CJC2 O74732 Q6CE88 Q12452	3-beta-hydroxysteroid 3-dehydrogenase.	False
1.1.3.10	Q5B2E9 Q75ZP8 Q8J136 Q6QWR1 Q6UG02 P59097 Q5G234 P79076 Q8J2V8	Pyranose oxidase.	False
1.1.3.11		L-sorbose oxidase.	False
1.1.3.12	Q9AJD6	Pyridoxine 4-oxidase.	False
1.1.3.13	F2QY27 P04842 F2R038 C4R702 Q00922 P04841	Alcohol oxidase.	False
1.1.3.14		Catechol oxidase (dimerizing).	False
1.1.3.15	Q9LRR9 B8AKX6 Q10CE4 Q9LRS0 Q01KC2 Q7XPR4 Q24JJ8 B8AUI3 Q7FAS1 Q9LJH5 B8B8K5 Q8H3I4 O49506 B8B7C5 Q6YT73 P05414 Q9UJM8 Q9WU19 Q3ZBW2 Q9NYQ3 Q9NYQ2 Q07523 Q54E41	(S)-2-hydroxy-acid oxidase.	False
1.1.3.16		Ecdysone oxidase.	False
1.1.3.17	P16101 Q7X2H8	Choline oxidase.	False
1.1.3.18		Secondary-alcohol oxidase.	False
1.1.3.19		4-hydroxymandelate oxidase (decarboxylating).	False
1.1.3.20	Q9ZWB9 B5WWZ8 B5WWZ9 Q9LW56 O65709 Q94BP3	Long-chain-alcohol oxidase.	False
1.1.3.21	O86963 Q9CG65 Q99YI8 P0DB20 Q5XAK0 Q8NZX0 P35596 P0DB21	Glycerol-3-phosphate oxidase.	False
1.1.3.23		Thiamine oxidase.	False
1.1.3.27		Hydroxyphytanate oxidase.	False
1.1.3.28		Nucleoside oxidase.	False
1.1.3.29		N-acylhexosamine oxidase.	False
1.1.3.30		Polyvinyl-alcohol oxidase.	False
1.1.3.37	Q752Y3 O93852 Q6FS20 Q6BZA0 Q6CSY3 Q7SGY1 Q9HDX8 Q6CG88 P54783	D-arabinono-1,4-lactone oxidase.	False
1.1.3.38	P56216	Vanillyl-alcohol oxidase.	False
1.1.3.39		Nucleoside oxidase (H(2)O(2)-forming).	False
1.1.3.4	P13006 P81156 Q92452	Glucose oxidase.	False
1.1.3.40		D-mannitol oxidase.	False
1.1.3.41	Q9ZBU1 Q9KX73	Alditol oxidase.	False
1.1.3.42	D7UQ40	Prosolanapyrone-II oxidase.	False
1.1.3.43	Q53U15	Paromamine 6'-oxidase.	False
1.1.3.44	Q53U15	6'''-hydroxyneomycin C oxidase.	False
1.1.3.45	Q0PCD7	Aclacinomycin-N oxidase.	False
1.1.3.46	O52792	4-hydroxymandelate oxidase.	False
1.1.3.47	E4QP00	5-(hydroxymethyl)furfural oxidase.	False
1.1.3.48	Q8EEB0	3-deoxy-alpha-D-manno-octulosonate 8-oxidase.	False
1.1.3.49		(R)-mandelonitrile oxidase.	False
1.1.3.5	P93762 I1SB12	Hexose oxidase.	False
1.1.3.6	P22637 P9WMV8 P9WMV9 P12676	Cholesterol oxidase.	False
1.1.3.7		Aryl-alcohol oxidase.	False
1.1.3.8	Q9C614 Q6NQ66 Q9LYD8 Q9FM82 O81030 O81032 Q9FM84 Q3ZC33 P58710 Q8HXW0 P10867 Q90YK3	L-gulonolactone oxidase.	False
1.1.3.9	P0CS93 I1S2N3	Galactose oxidase.	False
1.1.5.4	Q9HYF4 Q88PU7 Q5HDJ0 P65421 P65422 Q6GE66 Q6G6V5 P65423 Q5HLN0 Q8CN91 Q9HVF1 Q88NF9 Q5HCU5 P65424 P99115 Q6GDJ6 Q6G669 Q8NUM4 Q5HKN2 Q8CQ96 Q88IS4 Q5HKD6 Q8CQE8 Q5HL19 Q8CMY4 Q6FDG0 B7GYG6 B7I894 B2HV78 A3M361 B0V946 A3N262 B3H2E6 B0BR13 Q8UH73 A8I2M2 C3NZS9 C3LEY8 A0RFE8 Q81P44 B7JSX2 Q735Z0 B7ILI6 C1EYZ6 B7H655 B7HVJ1 A7GQI9 B9J484 Q81C25 Q639Y8 Q9Z9Q7 Q6HHE0 A9VJG1 Q1LU84 Q7VRS0 Q492E3 Q2KX12 Q89XM4 C0Z9W8 Q1BKI8 A0AWY9 Q390Q5 P56954 Q1QUD2 A8AE07 A5CPE3 B0RIH2 C3PH30 Q6NGL9 Q8FP91 A4QF08 O69282 Q4JV42 A7MNG1 A7ZP32 B7UFM4 B7MFC3 B7LAN4 Q8XE45 B5YX02 B7NN21 B7MXP1 B7M5Q1 C4ZU53 B1X8A6 A8A273 A1AD63 Q0TFN1 Q8FFQ5 B1IY62 P33940 B7N5H2 B6I1A8 B1LKV7 Q1R9K7 A4WCM3 B7LMB2 B1YG64 C4L056 A5FGX2 A6H0E6 Q5L055 C5DAE0 A4IMR6 Q5FP90 Q0BTB0 Q7VPC3 Q2SF51 Q17VT7 Q7VFF6 B6JPI8 Q1CV68 Q9ZMY5 O24913 O32719 B2GFJ0 Q6AGY2 B1HNU2 Q1GXL1 C5CAA3 P65420 A1KMJ5 C1AFW6 A4TCE3 B2HJU4 Q73VU0 A0QVL2 A3PY62 A1UEQ5 Q1BAA7 A5U6K4 P9WJP4 P9WJP5 A1T7G4 Q5F5E9 B4RQQ5 A9M485 Q9JWK3 Q9JXD7 A1KWH2 Q8CV11 A1R7M9 Q6D2L3 C6DAM1 A3PBD7 A2C0M6 A8G3D1 A2CBH2 A9BE38 A2BV78 Q31CB9 Q7VDF8 B4F088 Q7V8S6 Q7V2Q2 A2BPP7 Q46GZ7 B8HAT7 Q9S3Q5 Q887Z4 Q8XRL7 A9WQR6 C0ZY77 Q0S251 Q6NA55 B3QK65 A8GBY8 B2TV25 Q31Z33 Q32I11 Q3YZZ7 Q2NS49 B2FSQ8 Q7U5L7 A5GRE3 Q3AWX1 Q3ALG7 C4LEV7 Q8D1V2 Q7MBG6 B2I8R2 Q9PET6 B0U4L2 Q87AS0	Malate dehydrogenase (quinone).	False
1.1.99.18	Q01738	Cellobiose dehydrogenase (acceptor).	False
1.1.99.9		Pyridoxine 5-dehydrogenase.	False
1.10.2.1		L-ascorbate--cytochrome-b5 reductase.	False
1.10.3.1	Q9ZP19 Q9MB14 Q08303 Q08304 Q06355 Q08305 Q08306 Q08307 Q08296 P43309 O81103 P43310 Q06215 P43311 P85026	Catechol oxidase.	False
1.10.3.11	Q39219 O82807 O23913 O82766 O22048 Q8W855 Q40294 P22185 Q07185 Q41224 O22049 Q41266 Q40578 Q8LEE7 O03376 Q56X52 F4P6T0 D5JAJ1	Ubiquinol oxidase (non-electrogenic).	False
1.10.3.15	B1VTI5	Grixazone synthase.	False
1.10.3.16		Dihydrophenazinedicarboxylate synthase.	False
1.10.3.17		Superoxide oxidase.	False
1.10.3.2	Q6ID18 Q10ND7 Q8VZA1 Q0DHL5 Q9FLB5 B9FJH4 Q9LYQ2 P0DKK6 Q9FY79 Q69L99 Q84J37 Q339K6 Q1PDH6 Q7XE50 Q9FJD5 Q2RBK2 A2XCN6 Q53LU4 A2Y9C5 Q2R0L2 P85308 Q12541 Q9LMS3 D4APX3 Q12570 Q55P57 J9VY90 Q03966 P17489 P86351 B3A0L4 Q70KY3 P06811 Q5ZCW1 Q01679 Q12729 O59896 P56193 Q02497 D0VWU3 Q99044 A2Y9C2 Q2R0L0 Q2QZ80 Q0IQU1 Q2QYS3 Q2QUN2 Q0IP28 P85430 Q12542 O81081 Q96WM9 P85149 J9VQZ4 Q8RYM9 Q12739 P78722 Q02075 Q12718 Q99046 Q56YT0 Q96UM2 Q941X2 Q02079 Q99049 O80434 Q5N9X2 Q02081 Q12719 Q99055 Q9SIY8 Q5N9W4 Q12717 Q99056 Q9ZPY2 Q5N7A3 Q9SR40 Q5N7B4 Q9LFD2 Q0JHP8 Q9LFD1 Q6Z8L2 P86328 P86327 D4GPK6 B3EWG2 B3EWI3 C0HJB2	Laccase.	False
1.10.3.3	Q8LPL3 M4DUF2 P24792 P37064 P14133 Q40588	L-ascorbate oxidase.	False
1.10.3.4	B1VTI5 Q53692	o-aminophenol oxidase.	False
1.10.3.5		3-hydroxyanthranilate oxidase.	False
1.10.3.6		Rifamycin-B oxidase.	False
1.10.3.9	B0CB14 Q7M7A9 P46242 P04996 P0A445 Q2JTJ2 Q2JPR2 B1XM24 Q5N5R2 A5GIM7 Q7TTJ7 A5GTY4 Q0I7J2 Q3AYB8 Q3AM89 P07826 P0A444 Q11A00 Q3MCT0 A5A8K9 Q7NJX5 P31694 P04997 P0A447 Q2JTT0 Q2JP67 B1XMC3 Q5N4D2 A5GJU5 Q7U669 A5GTY5 Q0I912 Q3AV15 Q3AKT2 P16033 P0A446 Q10VK7 Q3MAB1 Q7NH81 Q8YQS7 Q2JTM8 B1XIP3 Q5N337 Q7U4Z3 Q0I910 Q8DIV4 Q3MB78 Q3M5L6 Q3V554 Q85C23 A4QJ96 A4QJI0 A1E9Y8 Q9TM69 P02956 Q70Y17 Q9BBC1 Q7HP56 B0YPN1 A2T309 Q85BH5 P24625 A4QJZ9 P83755 Q7FNT3 A4QK85 Q06J41 P18290 P48265 A6MM16 Q7YJY8 A4QKH2 B1A915 A8SE40 Q8M9W3 Q1ACM1 Q19VC4 P35860 P09752 P07753 A6MMA2 P56318 Q09MJ8 A0A315 Q9T351 Q9TNF8 P51759 A4QKR1 B1VKF9 Q2QDA8 A8W3A5 A7M8Y6 A8W3H2 P32036 O19895 Q85G59 P12719 A6H5E4 Q0G9Y2 A6MMI8 A4QL00 Q06H17 Q9TNF7 P24726 Q4G3F2 Q49L18 P06631 P24725 A6BM28 A0ZZ15 P69564 Q6B929 O78446 Q1KXX9 Q32389 Q9MSC0 Q9MSC1 Q9MSC2 Q9XQV1 P05337 Q5SCW8 A6MMS4 A7Y395 Q06RF1 Q9TJ82 P69557 P27201 A9L976 A4QL86 Q0G9N9 A4QLH5 A8Y9F0 Q9BBU3 O98736 P48183 B1NWD0 P06402 Q9S3W5 P04998 Q9MUW0 P51764 B0JIS8 P07063 Q09X37 Q09FY1 A4QLR3 Q9TL35 P69561 P69562 Q3C1G3 Q33C59 Q6EW68 B0Z4K6 B0Z4U0 P83756 B0Z524 B0Z5A8 A4QJR4 Q20ET2 Q6ENJ7 P0C432 P0C433 P0C434 Q0P3J1 P69565 O98733 Q68S26 P06585 Q06FY1 P04999 Q3BAR4 A0T0G9 Q01366 P50155 P69550 Q85WS3 P69551 Q06GT0 Q09G66 A6YGB8 Q14FH6 P36491 A4GYN9 P51212 P15191 A3PAU3 A2C057 A8G5N5 A2C6Q1 A2BUK1 Q31A92 P46895 Q9TM72 Q7TTH6 Q7V365 A2BP21 Q46JV2 Q8WI36 Q1XDS5 A6MVT2 Q6L3B5 P0C157 P10510 Q2WGI0 P11848 Q2MIK7 Q2MIC0 P69563 Q2VEJ6 A1E9Q4 P02957 P69560 Q32RX1 Q06SD2 P14660 Q1KVU8 A0T0W2 P51765 P69556 P29270 P49460 Q3ZJ60 P13910 Q33282 Q0ZJ40 P12463 Q32RM3 B0C1V6 Q5N3Q7 B0C3P0 Q5MZ82 Q4FFP4 Q3V539 Q85FM2 A4QJB0 A4QJJ4 A1E9Z3 Q70Y08 A2T330 Q85AC9 P69685 A4QK13 P56761 Q8S8X8 A4QKA0 Q06J67 Q7Y4H2 Q6H956 Q0QZ08 Q6H952 B3TNB8 A6MM31 Q7YJX7 A4QKI7 B1A930 A8SE98 Q8M9W4 Q1ACJ7 Q19VC7 P06007 A6MMB7 P56319 B5LMM1 Q09MI3 A0A330 B1WQ89 A4QKS6 B1VKH0 Q4VZN8 A8W3B9 A7M8Z6 A8W3I2 A7M961 Q49CA8 Q9TM47 Q85G27 P48079 A6H5G6 Q0G9W7 A6MMK2 A4QL14 Q06H02 Q4G395 Q49L03 P31557 B2XWK0 P28253 A0ZZ30 Q2L902 Q6B918 B2LMI8 O78427 Q1KXW4 B2XT21 B2XTH7 P11849 A6MMT9 A7Y3C4 Q06RD6 Q56P05 A9L991 A4QLA1 Q0G9M4 A4QLI9 A8Y9F5 Q9BBT0 P48184 B1NWE5 P06404 Q9MUW2 Q09X22 Q09FW6 A4QLS8 Q9TL00 Q3C1I4 Q33C42 B2IVV1 Q8XFA5 Q4FFP2 Q6EW53 B0Z4M2 B0Z4V6 Q9MTN1 B0Z540 B0Z5C4 A4QJS8 Q20EU7 Q6ENJ1 P0C435 P0C436 P0C437 Q0P3Q0 Q68S11 B1X3H4 P06006 Q06FW1 Q3BAP5 A0T097 A4GGA2 Q6YXN8 Q85WW5 P41644 Q06GR5 Q09G51 A6YG76 Q14FG2 Q9XQA8 A4GYQ4 P51357 P51766 Q7V6I0 Q8WI19 Q1XDD0 Q4FFP1 Q6L3B1 Q6ENY1 P10803 Q2MIJ2 Q2MIA5 Q2VEI1 A1E9Q9 Q2PMT8 P06005 Q32RT0 Q06SH5 P11005 Q2JRJ5 Q2JKT8 P20898 A5GMA8 Q7TTI2 A5GQK3 Q0I6Z7 Q3B038 Q3AH25 P09192 Q1KVW6 A0T0T0 Q8CM25 D0VWR8 P69686 P49478 Q116J3 Q3MA59 Q3ZJ46 Q0ZJ25 B2Y1U5 Q36814 Q32RM5	Photosystem II.	False
1.11.1.21	A6TNI2 B1YTH4 Q1BYZ9 B1JVZ2 A0K4Q2 B4EE21 Q0BI48 A4JBP6 B3PC77 Q471D2 Q7A978 Q5V0S5 Q5QXC3 Q5X2D9 A5IF70 Q5ZSX7 Q5WU58 Q9ZGM4 A4R5S9 O08404 A0R609 A1TA09 A1SAR6 Q082Q2 Q8E981 A0KRY0 Q0HNH6 Q0HQB2 Q87J02 A6TV07 B1Z5M2 Q1BQP0 B1K6I9 A0B2Q6 Q4F6N6 Q0B385 A4JPG0 B3PEP6 Q470S7 Q7BSW8 O59651 Q5QWH3 Q5X8J8 A5IA67 Q5ZZ17 Q5WZY1 Q9WXB9 A4QUT2 O08405 A0QXX7 A1T9D9 A1S3J7 Q07YF5 Q8EIV5 A0L153 Q0HES2 Q0HZ78 Q87I38 A0QYP1 B0C4G1 A1TRV8 B7H0U3 B7I4D5 B2I352 A3M1S3 B0V4K1 C1F960 A5FZM1 A4SS04 Q7CVH1 B9JKI5 B9K0G2 Q0A8G6 B4RW28 A8EV24 O28050 A1C8R3 B0YAK0 Q7Z7W6 A2Q7T1 Q2TW34 Q0CD12 A8IHK8 A1K9V0 Q9KEE6 B2II34 Q8X1N3 Q2KTI4 Q89WB4 A5EQ55 A4YNR8 Q9AP06 Q39JF1 A9AGE5 A3MPB8 A2S5D5 Q62H74 A1V0A6 A3NZ22 Q3JNW6 A3NDB2 Q939D2 Q2SZ20 B0SX45 O31066 Q2H7U1 Q11KP9 Q3ATL6 B3EEA0 B3EKE9 A1BEI1 Q1R185 A8AKX8 B2V515 B2TJE9 Q486C8 A7MJS4 Q1LC96 Q0K815 Q479B7 C6C1T6 B8FDS1 Q24YU1 A9A0F0 A8LTG4 A7ZUG1 B1XBA8 A8A750 A1AIC1 Q0TAB7 Q8FBA9 B1IVD5 P13029 P0C8F0 B1LNQ3 Q1R3X0 Q4G4B1 Q96VT4 A4WG57 B2VFG0 Q2N806 A5FD11 A6H0C4 Q2JBP8 B0TYQ6 A8LBC6 Q14IA9 A7NDL0 Q2A298 B2SDI5 A0Q5L1 Q0BKW5 Q5NGV7 A4IZ86 Q5KZ91 B3EBB7 P14412 Q74BE1 C6DYB7 A4INM5 Q7NGW6 Q0BRH7 A0LZM9 Q2SHA6 A1WUH1 B0R9V8 O73955 A2RPW9 D8INT8 Q0C0D1 A6SY97 Q28S09 A6T9H9 Q1IRZ2 B0SD19 B0SLJ6 B1Y7V8 A1TZH9 Q0AL71 A6VVN4 Q8TS34 A7I6W6 Q2FSF4 B3E099 A2SMA4 B1M869 A0QGA4 B1MBD0 P46817 A1KJX3 C1API8 A4TA35 Q04657 B2HE73 Q73ZD5 A3Q016 A1UGG4 P0C580 Q1B8J4 A5U3S7 H8F3Q9 P9WIE4 P9WIE5 A0PQH6 Q9R2E9 Q3IQZ9 A1DAL6 Q8X182 Q1QS58 Q3SWP3 Q5YVJ4 A1SF13 Q2G479 A1B4Z0 A7HT94 B2T4H0 Q13US7 Q6D5X9 C6DK50 Q3A5D3 B4SAT7 A1ANT3 C0QQ02 Q0U324 B4R8U3 B2ASU5 A4T0J1 Q12FQ6 B4S3B3 Q48E42 Q15UE5 Q1IAY6 Q4KD86 A8F6I7 A4XZ62 A5W241 Q3KE62 B0KNK9 Q88GQ0 B1J7Q1 Q87WL6 Q4ZNN4 A4VK13 A1SWM1 B2WH84 B2UBU5 Q8Y1B4 B3Q4F9 Q2JZT8 Q1M498 Q987S0 Q8RJZ6 Q92XG8 Q9R708 Q7UUW9 P37743 C0ZSW0 Q0S5Y0 C1AV76 Q2J2I9 Q07V22 Q6NCP1 Q21CF0 Q13EM6 B3QAA7 A4WXS6 Q167Q3 Q5LLG6 Q1GCU3 Q21DT6 A4FIR1 A8M0L5 A9MI19 Q57HA8 B4TCP6 B4T0V5 Q5PK60 A9N0F0 B5BJM5 Q2RZX7 B4TQG7 Q8Z303 A4X6K7 P17750 A8GGQ0 A3D0Y7 A6WS27 A9L1H8 Q12PF6 B0TRN5 A3QAT3 A4Y2G4 A1REM5 B1KFI8 B2TWE0 Q31U45 Q0SY48 Q83IT3 Q3YV31 Q6W102 A6UKC3 Q02A20 Q1GR67 A0ACX8 Q9RJH9 B1W5Q9 O87864 Q67LP5 Q31MN3 B1XK45 Q5MZ99 A5GJV3 A5GTX8 Q3AN75 P73911 Q8NJN2 B8GPM6 Q4P914 A5F7X7 A7MZ01 Q9KRS6 C3LMN9 Q8D951 Q7MLC1 Q8PMX4 Q3BVY2 Q4US88 B0RXD3 Q8PBB7 B2I5Z2 Q9PBB2 B0U3C6 Q87C18 A7FLT3 Q1C435 B2K5B9 Q9X6B0 A9R0X4 Q1CLM4 A4TQ37 Q66E82 B1JJB5	Catalase peroxidase.	False
1.11.1.6	P83657 Q9C168 P81138 Q9C169 Q96528 Q27487 P48350 P17598 P55307 P18122 P49315 P0C549 Q0E4K1 Q01297 P30264 P49284 P29756 P49319 Q43206 P25819 O61235 P48351 P30567 P55308 P12365 P49316 A2YH64 Q0D9C4 P49318 Q9XHH3 P55312 P55313 Q42547 P48352 P18123 P49317 B8AME2 Q10S82 O48560 O48561 O68146 P90682 P78574 Q9AXH0 P45737 P26901 Q8X1P0 P0A324 P0A325 P0A323 P55304 P00432 P0A327 P0A326 Q8FWU0 Q2I6W4 Q59296 O13289 Q96VB8 O97492 P07820 Q9M5L6 Q64405 Q9PT92 Q59337 Q9ZN99 O77229 P17336 P55305 Q9PWF7 P44390 P45739 Q9ZKX5 P77872 P04040 P07145 P30265 Q926X0 Q8Y3P9 P24168 O93662 P29422 P24270 Q59602 Q27710 P25890 P11934 P30263 O62839 Q5RF10 P42321 O52762 Q59714 P04762 P95631 P55306 P55310 O24339 P55311 Q2FH99 Q2FYU7 Q2YXT2 Q5HG86 Q99UE2 Q7A5T2 Q6GH72 Q6G9M4 Q9L4S1 Q8NWV5 Q2PUJ9 Q5HPK8 Q8CPD0 Q4L643 Q49XC1 Q9KW19 Q9EV50 Q9Z598 Q9XZD5 Q9KRQ1 Q87JE8 Q8D452 Q7MFM6 P32290 P15202 Q9Y7C2 Q92405 Q877A8 Q55DH8 P78619 Q59635 P46206 Q66V81 P30266 P42234 P21179 P50979 Q9I1W8 P95539 Q9X576 P55303 A6ZV70 P06115 P94377 P80878 Q97FE0 P60355 Q8KHV6 Q9S3V0	Catalase.	False
1.13.11.1	O33948 O33950 P07773 P83715 Q43984 P81422 P95607 P86029 P31019	Catechol 1,2-dioxygenase.	False
1.13.11.10		7,8-dihydroxykynurenate 8,8a-dioxygenase.	False
1.13.11.11	Q8Y1D2 Q8XRY7 A7MBU6 Q7SY53 Q17P71 B4RUH2 Q2IEC3 B4UMQ6 O77457 A0JUV5 A0REX0 Q81PQ0 Q736W5 Q63AJ2 Q6HHX9 A9VHP7 Q6MM37 Q7WHE8 Q7W9B7 Q7VYS6 Q2KIQ5 Q89MN4 A5EQH6 A4YND6 B1YVH2 Q1BU34 B1JXI9 A0KA02 B4E9J1 Q0BCE0 Q39DG2 A9AGH1 A3MHE1 A2S924 Q62M99 A1V193 A3NS55 Q3JVD8 A3N6H2 Q63WP5 A8X7X9 Q09474 Q9A4E8 Q1LK00 Q0K7X7 Q55DB4 B3MQP7 B3NVC6 B4JKK1 P20351 B4L629 B4H4U3 Q29I03 B4IDV8 Q24630 B4M818 B4MSH7 B4PYW0 Q2N5X1 B1YHD4 A4IT59 A9B4J6 P48775 A6W961 Q2LD53 P48776 Q1CVR6 A1SG03 B2SY86 A1VRP1 Q126P7 Q02N70 Q9I0Q7 Q4KIP3 Q84HF6 B2U7J7 P21643 Q0SFS2 Q5LKH2 Q1GEF8 A4FH01 A8GG83 B1KJM2 A9FU01 B2FKN7 Q95NN1 Q8PQ80 Q3BYF4 Q4UZJ5 B0RMW5 Q8PDA8 Q2NYM2 B2SM13 Q5GVE4 Q5U4U6 Q5EBG2	Tryptophan 2,3-dioxygenase.	False
1.13.11.12	P27479 P16050 P39654 P16469 Q5RBE8 P12530 Q02759 P08170 P93184 O24370 Q8GSM3 Q8GSM2 P38418 O24371 Q9LNR3 Q9FNX8 Q7XV13 Q9CAG3 Q8H016 P27480 P27481 P38419 Q84YK8 Q8RNT4	Linoleate 13S-lipoxygenase.	False
1.13.11.13		Deleted entry.	False
1.13.11.14		2,3-dihydroxybenzoate 3,4-dioxygenase.	False
1.13.11.15	Q05353	3,4-dihydroxyphenylacetate 2,3-dioxygenase.	False
1.13.11.16	Q47HM4 Q400K4 Q47GC9 Q9F9U5 A1K6Y7 C1DRI2 A4JPY0 Q9S157 P17295 Q476N0 A7ZI95 B7L504 P0ABS0 B5Z2Q3 B7NK07 B7MPB5 B7M2Z6 B1XBJ5 A7ZWZ5 P0ABR9 B7N8Q5 B6HZX4 B1LIN3 B5XQJ0 A6TAC8 A4T8B7 Q742Z0 A0R1T3 A3Q338 A1UJP3 Q1B5E3 A0PL52 A1TCX1 B2JQV7 Q13QH9 Q7N4V6 O05146 Q0SJD2 Q762H5 Q9KH19 Q3Z586 A7IDU0	3-carboxyethylcatechol 2,3-dioxygenase.	False
1.13.11.17		Indole 2,3-dioxygenase.	False
1.13.11.18	Q9C8L4 Q3T094 O95571 Q9DCM0	Persulfide dioxygenase.	False
1.13.11.19	Q556I2 Q96SZ5 Q6PDY2	Cysteamine dioxygenase.	False
1.13.11.2	P54721 Q53034 P17262 P17296 P08127 P31003 P06622 Q04285 P27887	Catechol 2,3-dioxygenase.	False
1.13.11.20	Q3SZU4 Q20893 Q6NWZ9 Q16878 P60334 Q5RBQ7 P21816 O32085 Q5RLY7 D4AN26 D1MF76 Q60TI7 Q5A3Z5 Q9U8F1 Q9LXG9 Q8LGJ5 Q1G3U6 Q9SJI9 Q9LXT4	Cysteine dioxygenase.	False
1.13.11.22		Caffeate 3,4-dioxygenase.	False
1.13.11.23		2,3-dihydroxyindole 2,3-dioxygenase.	False
1.13.11.24	O00625 Q9D711 Q5M827 Q7SIC2 P42106 Q9I4D3 Q9I4C8 Q9XBR7 Q9HLU2 Q9CKD7 P73623 P9WI84 P9WI85 P65725 Q9I163 Q9HZ00 Q9KKY1 P58116 P46852	Quercetin 2,3-dioxygenase.	False
1.13.11.25	P9WNW6 P9WNW7 Q9KWQ5	3,4-dihydroxy-9,10-secoandrosta-1,3,5(10)-triene-9,17-dione 4,5-dioxygenase.	False
1.13.11.26		Peptide-tryptophan 2,3-dioxygenase.	False
1.13.11.27	Q4WHU1 Q4WPV8 P93836 Q5EA20 Q60Y65 Q22633 Q1E803 P0CW94 E9CWP5 Q6TGZ5 O23920 Q76NV5 O48604 P32754 Q96X22 P49429 Q872T7 Q02110 Q9ARF9 Q9I576 P80064 P32755 Q53586 Q9S2F4 Q27203 Q5BKL0 Q6CDR5 O42764 P69053 Q5ZT84	4-hydroxyphenylpyruvate dioxygenase.	False
1.13.11.28		2,3-dihydroxybenzoate 2,3-dioxygenase.	False
1.13.11.29	I3PFJ3 I3PFJ9 Q70FG7 B6F0W8 Q7XA48 P24197	Stizolobate synthase.	False
1.13.11.3	P20371 P15109 P00436 P20372 P15110 P00437	Protocatechuate 3,4-dioxygenase.	False
1.13.11.30		Stizolobinate synthase.	False
1.13.11.31	P18054 P39655 F1LQ70 P27479 P16050 P39654 P16469 Q5RBE8 P12530 Q02759 P55249 D3ZQF9	Arachidonate 12-lipoxygenase.	False
1.13.11.33	P18054 P39655 F1LQ70 P27479 P16050 P39654 P16469 Q5RBE8 P12530 Q02759 Q9I4G8 O15296 Q8K4F2	Arachidonate 15-lipoxygenase.	False
1.13.11.34	P09917 P51399 P48999 P12527	Arachidonate 5-lipoxygenase.	False
1.13.11.35		Pyrogallol 1,2-oxygenase.	False
1.13.11.36		Chloridazon-catechol dioxygenase.	False
1.13.11.37	Q5PXQ6 Q6F4M7	Hydroxyquinol 1,2-dioxygenase.	False
1.13.11.38	O24721	1-hydroxy-2-naphthoate 1,2-dioxygenase.	False
1.13.11.39	P47231 P47232 P47233 Q8GR45 P47228 P08695 P17297 P11122	Biphenyl-2,3-diol 1,2-dioxygenase.	False
1.13.11.4	Q330M9 O86041 Q7X284	Gentisate 1,2-dioxygenase.	False
1.13.11.40	O16025	Arachidonate 8-lipoxygenase.	False
1.13.11.41		2,4'-dihydroxyacetophenone dioxygenase.	False
1.13.11.42		Deleted entry.	False
1.13.11.43	Q53353 Q52008	Lignostilbene alpha-beta-dioxygenase.	False
1.13.11.45	T0JRM4 F9FRH4 Q8X151 Q8X150 G4NAP4 P0CT92	Linoleate 11-lipoxygenase.	False
1.13.11.46	O52791	4-hydroxymandelate synthase.	False
1.13.11.47	O33472	3-hydroxy-4-oxoquinoline 2,4-dioxygenase.	False
1.13.11.48	O31266	3-hydroxy-2-methylquinolin-4-one 2,4-dioxygenase.	False
1.13.11.49	Q47CX0 Q9F437	Chlorite O(2)-lyase.	False
1.13.11.5	B9JHZ9 Q9ZRA2 Q2KYC8 Q7WNZ3 Q7W189 A9I714 Q7VUG2 Q89XH1 B1YTZ1 Q1BYQ6 B1JWJ3 A0K4Z6 B4ECX5 Q0BHW3 Q39J54 A9AFM6 A3MMH2 A2S9M1 Q62I34 A1V1U3 A3NYN0 Q3JPA3 Q63RD3 Q2SYQ6 A4JBW6 Q9Y041 B0T816 Q9A5B8 B8H072 Q0K0L8 Q46UA4 Q54QI4 Q9VKJ0 Q00667 Q93099 Q5X5S2 A5IBD8 Q9S4T0 Q5WX50 O09173 Q1D8L9 Q1QPR8 Q5VRH4 Q5RF05 Q48GS7 A6V6F5 B7VA96 Q02LF6 Q9X4G0 Q1I500 Q4KI35 A5W8Z1 Q3KHV3 B0KGU6 Q88E47 Q6EMI9 B1J390 Q87Z79 Q4ZR64 B2UJ73 Q8XRZ0 B3PWZ9 Q2K9E5 Q1MI52 Q983J4 B5ZZA8 Q9X4F5 Q2J1P2 Q07T66 Q6N0T9 Q21AX5 Q13CD3 B3QB98 C3M930 A6UDD3 Q828S5 Q9S2B5 Q8PQ74 Q3BYE8 Q4UZI9 Q8PDA2 Q2NYM7 B2SM18 Q5GVE9	Homogentisate 1,2-dioxygenase.	False
1.13.11.50	Q8GNT2	Acetylacetone-cleaving enzyme.	False
1.13.11.51	O24592 Q6YVJ0 Q9M6E8 O24023 O49505 Q5MBR6 K4CJJ1 Q9LRR7 Q5MBR5 Q69NX5 Q9C6Z1 Q5MBR3 Q9LRM7 Q9M9F5 C3VEQ3	9-cis-epoxycarotenoid dioxygenase.	False
1.13.11.52	P14902 P28776 Q9ERD9 P47125	Indoleamine 2,3-dioxygenase.	False
1.13.11.53	Q5YZV0 Q6D2V8 Q5YQZ5 Q6D1G3 A5FUG5 Q0VPK4 O67785 A0RI45 Q81MI9 Q731Q9 A7GS63 Q819E5 Q635P0 Q6HEC6 Q65KJ6 A9VFE2 A8FCH1 O31669 A7Z3X7 A5EES7 A8ANI2 A7MK12 Q3ZV00 A9BVZ7 A4W7Z2 B2VIR1 B1YIX9 Q0RQV5 Q5L1D9 A4ILL8 A9H8G4 Q5FRJ2 Q0BPT8 Q2SKZ1 B4U606 Q9ZFE7 A6T672 B0SFU6 Q04NC2 Q04WK1 B0SP94 Q75FG2 Q8EXC0 A1TZ35 Q60AP8 A8YMJ4 B0JUK9 Q8YTJ3 A7HU87 A2CBN5 Q7V8X5 Q48KM7 A6V7A7 Q02KH4 Q9I341 Q4K8J5 Q3KFI8 Q884P2 Q4ZVB9 A4VM82 Q6N7A6 B3QG72 A4FFQ4 A8GAB0 Q2NWC7 A9FCY0 Q828K8 B4STR1 B2FPP3 B2VAA3 Q31QM9 B1XPT2 Q5N3L4 A5GJ71 Q7U8G6 A5GR53 Q0ICL5 Q3AZ58 Q3AI20 Q111G3 Q3M546 Q8PLG1 Q3BUE7 Q4UU50 B0RSM4 Q8P9N4 Q2P3W5 B2SM83 Q5H0X9 B2I5X3 Q9PBD4 B0U3A5 Q87C37 A1JP10 A7FLL2 B2K632 A9R2Z6 A4TPN0 Q66E17 B1JIK4	Acireductone dioxygenase (Ni(2+)-requiring).	False
1.13.11.54	O48707 A8WMD5 A8N4R7 Q5YZV0 A2Z7C4 A1L4T4 Q6D2V8 A9SDW6 C5X1F5 D7T737 Q8GXE2 A8N4R8 Q5YQZ5 A2XCT8 Q10RE5 Q6D1G3 A9SS00 F6HDT7 Q8W108 Q7XNS7 A9SCJ6 Q8H185 Q7XEJ5 A5FUG5 C0NZU2 Q0VPK4 O67785 Q4WDE1 A0RI45 Q81MI9 Q731Q9 A7GS63 Q819E5 Q635P0 Q6HEC6 Q65KJ6 A9VFE2 A8FCH1 O31669 A7Z3X7 Q3ZBL1 C3ZAH2 A5EES7 Q59WJ5 C4YCU0 Q5ZL43 F6W3G8 A8ANI2 A7MK12 Q3ZV00 Q5KD76 Q6PBX5 A9BVZ7 Q54ER6 Q6AWN0 Q2LZI9 Q5AQA3 A4W7Z2 B2VIR1 B1YIX9 Q0RQV5 Q5L1D9 A4ILL8 A9H8G4 Q5FRJ2 Q0BPT8 Q2SKZ1 Q9BV57 B4U606 B7PRF6 Q9ZFE7 A6T672 E9AIE8 A4HYT9 Q4QCU9 B0SFU6 Q04NC2 Q04WK1 B0SP94 Q75FG2 Q8EXC0 F6QS54 A1TZ35 Q60AP8 E9EUE8 A8YMJ4 B0JUK9 A9VCM7 F7FKV1 Q99JT9 C7Z9Z4 Q7RXR1 Q8YTJ3 A7HU87 E0W481 Q0UG91 D3BH90 A2CBN5 Q7V8X5 Q48KM7 A6V7A7 Q02KH4 Q9I341 Q4K8J5 Q3KFI8 Q884P2 Q4ZVB9 A4VM82 E3KY53 Q562C9 Q6N7A6 B3QG72 A4FFQ4 O94286 A7E4S9 A8GAB0 Q2NWC7 A9FCY0 Q828K8 B4STR1 B2FPP3 B2VAA3 Q31QM9 B1XPT2 Q5N3L4 A5GJ71 Q7U8G6 A5GR53 Q0ICL5 Q3AZ58 Q3AI20 Q111G3 Q3M546 D5GE59 Q8PLG1 Q3BUE7 Q4UU50 B0RSM4 Q8P9N4 Q2P3W5 B2SM83 Q5H0X9 Q3B8C8 Q6DIY2 B2I5X3 Q9PBD4 B0U3A5 Q87C37 Q6CH03 Q03677 A1JP10 A7FLL2 B2K632 A9R2Z6 A4TPN0 Q66E17 B1JIK4	Acireductone dioxygenase (Fe(2+)-requiring).	False
1.13.11.55	P29082	Sulfur oxygenase/reductase.	False
1.13.11.56	P11861 P0A109 P0A107 P0A108 P74836	1,2-dihydroxynaphthalene dioxygenase.	False
1.13.11.57	Q88JX5	Gallate dioxygenase.	False
1.13.11.58	O35936 P37831 O24379 Q43189 Q43190 Q43191 Q41238 O22507 O22508 Q06327 P29114 P38414 Q76I22 P29250 P14856 P09439 Q7G794 P09918 P09186 Q53RB0 P38417 Q9LUW0 P27480 P38415 P27481 P38416 P24095 Q8RNT4 T0JRM4 G4NAP4 P0CT92	Linoleate 9S-lipoxygenase.	False
1.13.11.59		Torulene dioxygenase.	False
1.13.11.6	A1C408 B0Y9Z9 Q4WCF1 Q2UHT9 A1C874 B0XVP0 Q4WZC3 Q2UB88 Q75CP6 A2R8S7 Q0D1U6 A0RD64 Q739J0 C1ERL1 Q0VCA8 B4EFS7 Q39LI1 Q60W34 Q19341 Q59K86 Q2HD63 Q1E5I0 P0CL87 P0CL86 Q1LCS4 Q46PT7 Q5U3F8 Q54S02 P46952 Q28SE8 A5E0Z9 A4REV8 Q78JT3 A7RIT9 A1DB76 Q7SDX3 A6X798 B2T2S5 A5DLW3 A3LP72 B2AAJ5 Q83V26 P46953 Q5LSJ4 B1KJM7 Q4P2Q7 Q8PM31 Q3BV37 Q4UT95 B0RUZ7 Q8PAD0 Q2P320 Q5H043 Q6P7I0 Q6DIZ0 Q6CFX1 P47096	3-hydroxyanthranilate 3,4-dioxygenase.	False
1.13.11.60	Q9UUS2 B0Y6R2 Q4WPX2 Q6RET3 G5EB19	Linoleate 8R-lipoxygenase.	False
1.13.11.61	Q8YK97	Linolenate 9R-lipoxygenase.	False
1.13.11.62	Q4WY82	Linoleate 10R-lipoxygenase.	False
1.13.11.63	Q9I993 Q9HAY6 Q9JJS6 Q91XT5 Q9HNE6 Q4PNI0 B0R5N7 Q9HPU7	Beta-carotene 15,15'-dioxygenase.	False
1.13.11.64	D3WZ86	5-nitrosalicylate dioxygenase.	False
1.13.11.65	Q9VFS2 A8Y9I2	Carotenoid isomerooxygenase.	False
1.13.11.66	Q9WXE6	Hydroquinone 1,2-dioxygenase.	False
1.13.11.67		8'-apo-beta-carotenoid 14',13'-cleaving dioxygenase.	False
1.13.11.68	Q7XJM2 Q7XU29	9-cis-beta-carotene 9',10'-cleaving dioxygenase.	False
1.13.11.69	Q8LIY8 Q8VY26	Carlactone synthase.	False
1.13.11.70	Q8LIY8 Q8VY26	All-trans-10'-apo-beta-carotenal 13,14-cleaving dioxygenase.	False
1.13.11.71	Q9BYV7 Q8HXG8 Q99NF1 Q5RF16	Carotenoid-9',10'-cleaving dioxygenase.	False
1.13.11.72	Q5IW40	2-hydroxyethylphosphonate dioxygenase.	False
1.13.11.73	A9A1T2	Methylphosphonate synthase.	False
1.13.11.74	Q6J1Z6 O33477	2-aminophenol 1,6-dioxygenase.	False
1.13.11.75	P74334	All-trans-8'-apo-beta-carotenal 15,15'-oxygenase.	False
1.13.11.76	Q6J1Z6	2-amino-5-chlorophenol 1,6-dioxygenase.	False
1.13.11.77	Q8RNT4	Oleate 10S-lipoxygenase.	False
1.13.11.78	D0E8I5	2-amino-1-hydroxyethylphosphonate dioxygenase (glycine-forming).	False
1.13.11.79	Q92PC8 P0CY55 D5AV14 Q2RNG5	Aerobic 5,6-dimethylbenzimidazole synthase.	False
1.13.11.8	P22635 P22636	Protocatechuate 4,5-dioxygenase.	False
1.13.11.80	G4V4T6 Q8KLK7	(3,5-dihydroxyphenyl)acetyl-CoA 1,2-dioxygenase.	False
1.13.11.81	P0A581 O69529 P9WNC4 P9WNC5	7,8-dihydroneopterin oxygenase.	False
1.13.11.82	A4XES9	8'-apo-carotenoid 13,14-cleaving dioxygenase.	False
1.13.11.83	Q8GHB1	4-hydroxy-3-prenylphenylpyruvate oxygenase.	False
1.13.11.84	Q84K96	Crocetin dialdehyde synthase.	False
1.13.11.85		Exo-cleaving rubber dioxygenase.	False
1.13.11.86		5-aminosalicylate 1,2-dioxygenase.	False
1.13.11.87		Endo-cleaving rubber dioxygenase.	False
1.13.11.88		Isoeugenol monooxygenase.	False
1.13.11.89		(Hydroxymethyl)phosphonate dioxygenase.	False
1.13.11.9	Q88FY1	2,5-dihydroxypyridine 5,6-dioxygenase.	False
1.13.11.90		(1-hydroxy-2-(trimethylamino)ethyl)phosphonate dioxygenase (glycine-betaine-forming).	False
1.13.12.1		Arginine 2-monooxygenase.	False
1.13.12.10		Deleted entry.	False
1.13.12.13	Q9GV45	Oplophorus-luciferin 2-monooxygenase.	False
1.13.12.15		3,4-dihydroxyphenylalanine oxidative deaminase.	False
1.13.12.16	P47177 Q12723 Q01284	Nitronate monooxygenase.	False
1.13.12.17		Dichloroarcyriaflavin A synthase.	False
1.13.12.18	O77206	Dinoflagellate luciferase.	False
1.13.12.19	Q9Z377 Q7BS31 Q7BS32 P32021 Q9Z3T0 Q8XPV7	2-oxuglutarate dioxygenase (ethene-forming).	False
1.13.12.2		Lysine 2-monooxygenase.	False
1.13.12.20	B8NI03	Noranthrone monooxygenase.	False
1.13.12.21	P39889	Tetracenomycin-F1 monooxygenase.	False
1.13.12.22	O54259	Deoxynogalonate monooxygenase.	False
1.13.12.23	Q8GHB1	4-hydroxy-3-prenylbenzoate synthase.	False
1.13.12.24		Calcium-regulated photoprotein.	False
1.13.12.3	P25017 Q09109 P0A3V2 Q04564 Q47861 P06617 P0A3V3	Tryptophan 2-monooxygenase.	False
1.13.12.4	P21795 O33655 Q9HDX2	Lactate 2-monooxygenase.	False
1.13.12.5	P27652	Renilla-type luciferase.	False
1.13.12.6	P17554	Cypridina-luciferin 2-monooxygenase.	False
1.13.12.7	Q01158 P13129 Q26304 Q27757 P08659	Firefly luciferase.	False
1.13.12.8		Watasenia-luciferin 2-monooxygenase.	False
1.13.12.9	Q5W9R9	Phenylalanine 2-monooxygenase.	False
1.13.99.1	Q8L799 O82200 Q8H1S0 Q9FJU4 A7MBE4 Q4V8T0 Q54GH4 Q9UGB7 Q9QXN5 Q5Z8T3 Q8WN98 Q5REY9 Q9QXN4	Inositol oxygenase.	False
1.13.99.3		Tryptophan 2'-dioxygenase.	False
1.14.11.1	Q19000 O75936 Q924Y0 Q5R5D8 P80193 Q9QZU7 Q98KK0	Gamma-butyrobetaine dioxygenase.	False
1.14.11.10		Pyrimidine-deoxynucleoside 1'-dioxygenase.	False
1.14.11.11	P24397	Hyoscyamine (6S)-dioxygenase.	False
1.14.11.12		Gibberellin-44 dioxygenase.	False
1.14.11.13	Q8LEA2 Q5W726 Q9SQ80 Q9XFR9 Q5ZA21 Q9XHM5 O64692 Q8S0S6 Q9C7Z1 Q8LGZ9 Q9FZ21 Q7XP65 Q9C6I4 O49561 Q9XG83	Gibberellin 2-beta-dioxygenase.	False
1.14.11.15	Q3I411 Q3I410 Q3I409 Q39103 Q6AT12 Q9ZT84 Q9FU53 Q9SVS8 Q9C971 O24648	Gibberellin 3-beta-dioxygenase.	False
1.14.11.16	Q28056 Q12797 Q8BSY0	Peptide-aspartate beta-dioxygenase.	False
1.14.11.17	P37610 Q88RA3	Taurine dioxygenase.	False
1.14.11.18	Q10E49 Q65WW7 Q9ZVF6 O18778 O62515 P0DPA0 O14832 O35386 P57093	Phytanoyl-CoA dioxygenase.	False
1.14.11.2	F4JZ24 Q9SZT0 Q8GXT7 F4ILF8 Q9ZW86 F4JAU3 Q9LN20 Q8LAN3 Q24JN5 F4J0A8 Q8L970 F4JNU8 Q8VZJ7 Q1RMU3 Q10576 P16924 P13674 Q60715 Q5RAG8 P54001 Q20065 Q5ZLK5 O15460 Q60716 Q75UG4 Q7Z4N8 Q6W3F0 Q6W3E9 Q5UP57	Procollagen-proline 4-dioxygenase.	False
1.14.11.20	O04847	Deacetoxyvindoline 4-hydroxylase.	False
1.14.11.21	Q05581 Q05582	Clavaminate synthase.	False
1.14.11.24	Q40062	2'-deoxymugineic-acid 2'-dioxygenase.	False
1.14.11.25	Q40061	Mugineic-acid 3-dioxygenase.	False
1.14.11.26	P42219 P42220 P11935	Deacetoxycephalosporin-C hydroxylase.	False
1.14.11.27	Q75AL5 Q4WHB7 Q60V67 Q95Q98 Q5A847 Q6FPL6 P0CO41 P0CO40 Q6BXJ4 Q9VHH9 Q5AW75 Q6CIC9 O94603 Q4P5U1 Q6C423 P40034 Q9Y2K7 P59997 Q5U263 Q8NHM5 Q6P1G2 Q640I9 A8E534 B5XF11 B2GUS6 Q16W06 C3XRY1 A8QFQ3 A8XEA2 O01658 B0WMG3 Q54K96 B3MSI4 B3NU20 B4JMQ2 Q7K4H4 B4L6Q5 B4GUZ2 B5DUH6 B4I100 B4R4H1 B4M7P8 B4NP88 B4Q068 P0CH95 Q9UPP1 Q80TJ7 A5PK74 Q5ZMM1 A3KP59 Q9H6W3 Q9JJF3 D3ZU57	[Histone H3]-dimethyl-L-lysine(36) demethylase.	False
1.14.11.28	P96010 O09345	Proline 3-hydroxylase.	False
1.14.11.29	G5EBV0 Q9GZT9 Q91YE3 P59722 Q96KS0 Q91YE2 Q6AYU4 Q9H6Z9 Q91UZ4 Q62630 Q9NXG6 Q8BG58	Hypoxia-inducible factor-proline dioxygenase.	False
1.14.11.3		Pyrimidine-deoxynucleoside 2'-dioxygenase.	False
1.14.11.30	P59723 Q9NWT6 Q8BLR9	Hypoxia-inducible factor-asparagine dioxygenase.	False
1.14.11.31	D4N500	Thebaine 6-O-demethylase.	False
1.14.11.32	D4N502	Codeine 3-O-demethylase.	False
1.14.11.33	Q13686 P0CB42 Q9SIE0 Q58DM4 Q6NS38 Q6P6J4 P0CAT7 B8GWW6 P05050 P37462	DNA oxidative demethylase.	False
1.14.11.35	E3VWK0 E3VWI4 Q82IZ1	1-deoxypentalenic acid 11-beta-hydroxylase.	False
1.14.11.36	E3VWK4 E3VWI8 Q82IY7	Pentalenolactone F synthase.	False
1.14.11.37	Q6L732	Kanamycin B dioxygenase.	False
1.14.11.38	B9WZX5 Q4WAW9 A1DA64	Verruculogen synthase.	False
1.14.11.39	Q9Z4Z5	L-asparagine oxygenase.	False
1.14.11.4	O77588 P24802 Q02809 Q9R0E2 Q5R9N3 Q63321 O00469 Q9R0B9 Q811A3 O60568 Q9R0E1 Q5R6K5 Q5U367 Q20679 Q9VTH0 Q5UQC3	Procollagen-lysine 5-dioxygenase.	False
1.14.11.40	Q643C1	Enduracididine beta-hydroxylase.	False
1.14.11.41	Q6WZB0 C7Q942	L-arginine hydroxylase.	False
1.14.11.42	E1C7T6 Q08BV2 A2RUC4 A2RSX7	tRNA(Phe) (7-(3-amino-3-carboxypropyl)wyosine(37)-C(2))-hydroxylase.	False
1.14.11.43	P83309 Q700X4	(S)-dichlorprop dioxygenase (2-oxoglutarate).	False
1.14.11.44	P83310 Q8KSC8	(R)-dichlorprop dioxygenase (2-oxoglutarate).	False
1.14.11.45	E2GIN1	L-isoleucine 4-hydroxylase.	False
1.14.11.46	D0E8I4	2-aminoethylphosphonate dioxygenase.	False
1.14.11.47	P27431	[50S ribosomal protein L16]-arginine 3-hydroxylase.	False
1.14.11.48	Q4QZZ9 C8VSZ2 Q7SEI7 O74885	Xanthine dioxygenase.	False
1.14.11.49	D4QF25	Uridine-5'-phosphate dioxygenase.	False
1.14.11.51	Q13686 P0CB42 Q9NXW9 Q9D8F1 M9NEY8 Q8MNT9	DNA N(6)-methyladenine demethylase.	False
1.14.11.52	Q15JG7	Validamycin A dioxygenase.	False
1.14.11.55	Q7WHJ0 Q7W977 E1VA04 Q5YW75 A4VFY4 Q1GNW5 Q6QUY7 Q829L6 Q93RV9 Q2TDY4	Ectoine hydroxylase.	False
1.14.11.56	Q989T9 Q92LF6	L-proline cis-4-hydroxylase.	False
1.14.11.57	R9UTQ8	L-proline trans-4-hydroxylase.	False
1.14.11.58		Ornithine lipid ester-linked acyl 2-hydroxylase.	False
1.14.11.59	Q84TC2	2,4-dihydroxy-1,4-benzoxazin-3-one-glucoside dioxygenase.	False
1.14.11.6	Q4DBW3 Q4DLX9 Q9U6M2 A4H5X5 A4HU70 Q4QHM7 Q9U6M1 P86938 P86937 A4H7G5 A4HVU6 Q4QFY1 B6EU02 Q57X81 Q4DCH3	Thymine dioxygenase.	False
1.14.11.60	Q9LE86	Scopoletin 8-hydroxylase.	False
1.14.11.61	A0A023GS28 A0A023GS29 W5QJZ5 G9M9M0 G9M9M1 G9M9M2 Q9LHN8 G9M9M4 G9M9M3 G9M9M5 Q9C899	Feruloyl-CoA 6-hydroxylase.	False
1.14.11.62	A0A023GS28 A0A023GS29 W5QJZ5 G9M9M4 G9M9M3 G9M9M5	Trans-4-coumaroyl-CoA 2'-hydroxylase.	False
1.14.11.63	P0C870 P0C872	Peptidyl-lysine (3S)-dioxygenase.	False
1.14.11.64	A8ANL5 A7ZQ90 B7UH78 B7MJS0 B7LDM7 Q8X954 B5Z271 B7NSE0 B7MYW1 B7M9A2 C4ZYR1 B1XBW5 A8A3E0 A1AEK4 Q0TEL8 Q8FES6 B1IVJ9 P76621 B7N6P3 B1LPD2 Q1R844 B7LT11 B5Y1D2 A5W454 B0KUT6 Q88IU0 B4T361 Q5PEY3 A9N078 B5BEK3 Q8Z4G0 E1WA38 P0CL02 B2U084 Q83K04	Glutarate dioxygenase.	False
1.14.11.65	O43593 Q61645 P97609 Q6IRB8 Q5HZN1 Q5ZIX8 Q9Y4C1 Q6PCM1 Q63679 Q7LBC6 Q6ZPY7 P0CH95 Q9UPP1 Q80TJ7	[Histone H3]-dimethyl-L-lysine(9) demethylase.	False
1.14.11.66	Q9V333 O75164 Q8BW72 Q5RD88 Q9V6L0 O94953 Q91VY5 Q9H3R0 Q8VCD7 Q6B0I6 Q3U2K5 A1A5Q5 B2RXH2 Q9U297	[Histone H3]-trimethyl-L-lysine(9) demethylase.	False
1.14.11.67	P47156 Q6IQX0 P29375 Q3UXZ9 Q5F3R2 Q9UGL1 Q80Y84 Q38JA7 P41228 P41229 P41230 A1YVX4 Q30DN6 Q9BY66 Q62240 Q5XUN4 Q61T02 Q23541 Q9VMJ7	[Histone H3]-trimethyl-L-lysine(4) demethylase.	False
1.14.11.68	O15550 O70546 O15054 Q5NCY0 O14607 P79457 Q6B4Z3	[Histone H3]-trimethyl-L-lysine(27) demethylase.	False
1.14.11.69	Q9V333 O75164 Q8BW72 Q5RD88 Q9U297	[Histone H3]-trimethyl-L-lysine(36) demethylase.	False
1.14.11.7	Q6JHU8 Q32P28 Q3V1T4 Q9R1J8 Q6JHU7 Q8IVL5 Q8CG71 Q4KLM6 Q8IVL6 Q8CG70	Procollagen-proline 3-dioxygenase.	False
1.14.11.70		7-deoxycylindrospermopsin hydroxylase.	False
1.14.11.71		Methylphosphonate hydroxylase.	False
1.14.11.72		(2-(trimethylamino)ethyl)phosphonate dioxygenase.	False
1.14.11.8	Q0VC74 Q5F4B3 Q9NVH6 Q91ZE0 Q96UB1 A5DCB6 Q91ZW6	Trimethyllysine dioxygenase.	False
1.14.11.9	A0A4D6Q9B0 Q7XM21 A0A4D6Q4T7 Q8W2X5 Q7XR84 Q9S818 Q05963 Q05964 P28038 Q06942 Q05965 Q7XZQ7 Q07353 P41090 Q96330 Q9ZWQ9 Q9M547 Q9XHG2 O04395 Q7XZQ6 Q07512 Q41452	Flavanone 3-dioxygenase.	False
1.14.12.1	Q84BZ3 Q84BZ2 O85673 O85674	Anthranilate 1,2-dioxygenase (deaminating, decarboxylating).	False
1.14.12.10	P07769 P07770	Benzoate 1,2-dioxygenase.	False
1.14.12.11	A5W4F2 P0C618 A5W4F1 P0C619	Toluene dioxygenase.	False
1.14.12.12	Q51494 O07824 P0A110 P0A111 O52382	Naphthalene 1,2-dioxygenase.	False
1.14.12.13	Q51601 Q51602	2-halobenzoate 1,2-dioxygenase.	False
1.14.12.14	Q9RBG5 Q9RBG4	2-aminobenzenesulfonate 2,3-dioxygenase.	False
1.14.12.15	Q3C1E3 Q3C1D5 Q3C1E2 Q3C1D4 Q3C1E0 Q3C1D2	Terephthalate 1,2-dioxygenase.	False
1.14.12.16		2-hydroxyquinoline 5,6-dioxygenase.	False
1.14.12.17	Q9UAG7 Q54D73 Q59MV9 Q03331 Q9URY5 P39676 E1F8Q4 E1F8H4 Q81T23 Q73B49 Q81FW4 Q9RC40 Q6HLA6 P49852 Q7WHW5 Q7TTP2 Q7TTP0 Q8GAZ4 Q7NSD8 P39662 Q9RYR5 Q47266 Q7ABK6 Q8FF30 P24232 C6LR75 E2RTZ4 Q8ETH0 Q6D245 Q7N215 Q6LM37 Q9I0H4 Q88PP0 Q7WUM8 Q7UIY1 Q57LF5 Q5PIH6 Q8Z4M3 P26353 Q7C0F9 Q9KMY3 P40609 Q8DCU2 Q7MH09 Q9PH91 Q87F90 Q8ZCR0	Nitric oxide dioxygenase.	False
1.14.12.18	Q52438 Q53122 Q52439 Q53123 Q46372 P37333 Q52028 Q46373 P37334	Biphenyl 2,3-dioxygenase.	False
1.14.12.19	P0ABR6 A8A344 P0ABR5 Q7N4W0 Q31XV2 Q0T1Y1 Q83K39 Q3YZ15 A7ZPY2 B7LDD1 Q8XA73 B5Z112 B7NRI8 B7M7P2 C4ZXB4 B1XB14 A8A345 B1IVT8 Q47140 B7N6C6 B6I5B2 B1LNJ5 Q7N4V9 Q31XV1 Q0T1Y0 Q83K38 Q3YZ14	3-phenylpropanoate dioxygenase.	False
1.14.12.22	Q8G8B6 D5IGG0	Carbazole 1,9a-dioxygenase.	False
1.14.12.23		Nitroarene dioxygenase.	False
1.14.12.24	Q45695	2,4-dinitrotoluene dioxygenase.	False
1.14.12.25	Q51974	p-cumate 2,3-dioxygenase.	False
1.14.12.3	Q07944 Q07945 A5W4F2 P0C618 A5W4F1 P0C619	Benzene 1,2-dioxygenase.	False
1.14.12.7	Q05182 Q05183	Phthalate 4,5-dioxygenase.	False
1.14.12.8		4-sulfobenzoate 3,4-dioxygenase.	False
1.14.12.9		4-chlorophenylacetate 3,4-dioxygenase.	False
1.14.13.1	P23262 Q53552	Salicylate 1-monooxygenase.	False
1.14.13.10	Q93NG3	2,6-dihydroxypyridine 3-monooxygenase.	False
1.14.13.101	Q8MP06	Senecionine N-oxygenase.	False
1.14.13.105	P82679	Monocyclic monoterpene ketone monooxygenase.	False
1.14.13.106	Q9K498	Epi-isozizaene 5-monooxygenase.	False
1.14.13.107	Q9EUT9	Limonene 1,2-monooxygenase.	False
1.14.13.111	Q9X404 Q9X405 P70752 Q9X406	Methanesulfonate monooxygenase (NADH).	False
1.14.13.113	Q6F6Y2 B5B0J6 A6T923 B6D1N4 A1TFU9 Q8PDQ6	FAD-dependent urate hydroxylase.	False
1.14.13.114	A0A0H3LKL4 P86491 Q88FY2	6-hydroxynicotinate 3-monooxygenase.	False
1.14.13.116		Geranylhydroquinone 3''-hydroxylase.	False
1.14.13.122	Q9MBA1 Q9ZWM5 Q9XJ38 Q8S7E1	Chlorophyllide a oxygenase.	False
1.14.13.127	A4JPY1 A4JQH4 Q1BGA7 A0KE38 Q9S158 Q476N1 A7ZI94 B7L503 Q8X680 B5Z2Q2 B7NK08 B7MPB4 B7M2Z5 B1XBJ4 A7ZWZ4 P77397 B7N8Q4 B6HZX3 B1LIN2 B5XQI9 A6TAC9 A0QB57 A4T8B6 Q742Z1 A0R1T4 A3Q339 A1UJP4 Q1B5E2 A1TCX2 Q13QI0 Q3Z585	3-(3-hydroxy-phenyl)propanoic acid hydroxylase.	False
1.14.13.128	F0E1K6	7-methylxanthine demethylase.	False
1.14.13.130	P37365	Pyrrole-2-carboxylate monooxygenase.	False
1.14.13.131	E9JFX9	Dissimilatory dimethyl-sulfide monooxygenase.	False
1.14.13.135		1-hydroxy-2-naphthoate hydroxylase.	False
1.14.13.14		Trans-cinnamate 2-monooxygenase.	False
1.14.13.146	Q84KI1	Taxoid 14-beta-hydroxylase.	False
1.14.13.147	Q6JTJ0	Taxoid 7-beta-hydroxylase.	False
1.14.13.148	Q8HYJ9 Q95LA1 P31513 Q8SPQ7 P97501 Q7YS44 P32417 Q9EQ76	Trimethylamine monooxygenase.	False
1.14.13.149	P76077	Phenylacetyl-CoA 1,2-epoxidase.	False
1.14.13.153		(+)-sabinene 3-hydroxylase.	False
1.14.13.154	P48635	Erythromycin 12 hydroxylase.	False
1.14.13.155		Alpha-pinene monooxygenase.	False
1.14.13.16	Q8GAW0	Cyclopentanone monooxygenase.	False
1.14.13.160	H3JQW0	(2,2,3-trimethyl-5-oxocyclopent-3-enyl)acetyl-CoA 1,5-monooxygenase.	False
1.14.13.161		(+)-camphor 6-exo-hydroxylase.	False
1.14.13.163	B1N1A2 F8G0M4	6-hydroxy-3-succinoylpyridine 3-monooxygenase.	False
1.14.13.166	Q6F4M8 Q6F4M9	4-nitrocatechol 4-monooxygenase.	False
1.14.13.167	C1I201	4-nitrophenol 4-monooxygenase.	False
1.14.13.168	Q9FVQ0 Q9LPL3 Q9SZY8 A0A0P0V5U9 Q9SVQ1 O23024 Q9LFM5 Q9LG41 Q9LKC0 Q8VZ59 O49312 Q9SVU0 B8ANW0 Q10RE2 O64489	Indole-3-pyruvate monooxygenase.	False
1.14.13.170	E3VWK3 E3VWI7	Pentalenolactone D synthase.	False
1.14.13.171	Q82IY8	Neopentalenolactone D synthase.	False
1.14.13.172	O52379 O52380	Salicylate 5-hydroxylase.	False
1.14.13.178	H9N289	Methylxanthine N(1)-demethylase.	False
1.14.13.179	H9N290	Methylxanthine N(3)-demethylase.	False
1.14.13.18		4-hydroxyphenylacetate 1-monooxygenase.	False
1.14.13.180	P72495 Q54530 P32009	Aklavinone 12-hydroxylase.	False
1.14.13.181	Q93MI2 Q9ZAU3 Q59971	13-deoxydaunorubicin hydroxylase.	False
1.14.13.182	A0A0E4AFG7 A0A0E4AFH6 B1MFK1 Q02N79 Q9I0Q0	2-heptyl-3-hydroxy-4(1H)-quinolone synthase.	False
1.14.13.187		L-evernosamine nitrososynthase.	False
1.14.13.189	B4XY99	5-methyl-1-naphthoate 3-hydroxylase.	False
1.14.13.19		Taxifolin 8-monooxygenase.	False
1.14.13.190	S4UX02	Ferruginol synthase.	False
1.14.13.195	O51940 Q51548	L-ornithine N(5)-monooxygenase (NADPH).	False
1.14.13.196	N4WYI1 B2KWI1 D4AU57 E9QYP0 Q2TZB2 M2PP75 G5EB76 I1RN13 Q52UT0 Q9P7T0 P56584	L-ornithine N(5)-monooxygenase (NAD(P)H).	False
1.14.13.2	Q03298 P20586 P00438	4-hydroxybenzoate 3-monooxygenase.	False
1.14.13.20	P27138 Q8KN28	2,4-dichlorophenol 6-monooxygenase.	False
1.14.13.200		Tetracenomycin A2 monooxygenase-diooxygenase.	False
1.14.13.208	Q9AIX6 Q9AIX7	Benzoyl-CoA 2,3-epoxidase.	False
1.14.13.209	Q7X281	Salicyloyl-CoA 5-hydroxylase.	False
1.14.13.210	Q2PWU9	4-methyl-5-nitrocatechol 5-monooxygenase.	False
1.14.13.211		Rifampicin monooxygenase.	False
1.14.13.212		1,3,7-trimethyluric acid 5-monooxygenase.	False
1.14.13.215		Protoasukamycin 4-monooxygenase.	False
1.14.13.216	P0DOW1	Asperlicin C monooxygenase.	False
1.14.13.217	Q9S3U8	Protodeoxyviolaceinate monooxygenase.	False
1.14.13.218	Q9HWG9	5-methylphenazine-1-carboxylate 1-monooxygenase.	False
1.14.13.219		Resorcinol 4-hydroxylase (NADPH).	False
1.14.13.22	P12015	Cyclohexanone monooxygenase.	False
1.14.13.220	Q0SFL5	Resorcinol 4-hydroxylase (NADH).	False
1.14.13.222	H1ZZA4	Aurachin C monooxygenase/isomerase.	False
1.14.13.223		3-hydroxy-4-methyl-anthranilyl-[aryl-carrier protein] 5-monooxygenase.	False
1.14.13.224	Q9S3U9	Violacein synthase.	False
1.14.13.225	F1RA39 F1QH17 F1QWK4 F1MH07 E7F9T0 Q8TDZ2 Q8VDP3 D3ZBP4 F1MF74 O94851 Q8BML1 D4A1F2 F6QZ15 G3MWR8 Q7RTP6 Q8CJ19 Q86BA1	F-actin monooxygenase.	False
1.14.13.226		Acetone monooxygenase (methyl acetate-forming).	False
1.14.13.227	E9RFS9 A0QTU8 E9RFT1 I7FA35 Q768T5 Q0SJK9 Q768T3 Q0SJK7	Propane 2-monooxygenase.	False
1.14.13.228	P0CU79	Jasmomic acid 12-hydroxylase.	False
1.14.13.229		Tert-butanol monooxygenase.	False
1.14.13.23	Q6SSJ6	3-hydroxybenzoate 4-monooxygenase.	False
1.14.13.230		Butane monooxygenase (soluble).	False
1.14.13.231	Q01911 Q93L51 B1MM05 Q06DK7	Tetracycline 11a-monooxygenase.	False
1.14.13.232	Q3S8R0 Q3S8Q4	6-methylpretetramide 4-monooxygenase.	False
1.14.13.233	Q3S8Q4	4-hydroxy-6-methylpretetramide 12a-monooxygenase.	False
1.14.13.234	L8EUQ6	12-dehydrotetracycline 5-monooxygenase.	False
1.14.13.235		Indole-3-acetate monooxygenase.	False
1.14.13.236	Q00456 Q00457 Q00460	Toluene 4-monooxygenase.	False
1.14.13.237	Q9SS04 Q94K43 Q9SXE1 Q93Y23 A8MRX0	Aliphatic glucosinolate S-oxygenase.	False
1.14.13.238		Dimethylamine monooxygenase.	False
1.14.13.239	D0C9N6 F0KFI5 P0ABR8 P0ABR7 D0C9N8 F0KFI7 P76254	Carnitine monooxygenase.	False
1.14.13.24	Q9F131 Q0QFQ1 Q8NLB6 Q5EXK1 Q3S4B7	3-hydroxybenzoate 6-monooxygenase.	False
1.14.13.240	P25535 Q2RMZ4 A1KVW0	2-polyprenylphenol 6-hydroxylase.	False
1.14.13.241		5-pyridoxate monooxygenase.	False
1.14.13.242		3-hydroxy-2-methylpyridine-5-carboxylate monooxygenase.	False
1.14.13.243		Toluene 2-monooxygenase.	False
1.14.13.244		Phenol 2-monooxygenase (NADH).	False
1.14.13.245		Assimilatory dimethylsulfide S-monooxygenase.	False
1.14.13.246		4-beta-methylsterol monooxygenase.	False
1.14.13.247		Stachydrine N-demethylase.	False
1.14.13.25	P22869 P27353 P18798 P27354 P11987 P27355 P22868 Q53563	Methane monooxygenase (soluble).	False
1.14.13.27		4-aminobenzoate 1-monooxygenase.	False
1.14.13.29	Q6F4M8 Q6F4M9 Q8RQQ0	4-nitrophenol 2-monooxygenase.	False
1.14.13.31		2-nitrophenol 2-monooxygenase.	False
1.14.13.32		Albendazole monooxygenase.	False
1.14.13.33	C4TP09	4-hydroxybenzoate 3-monooxygenase (NAD(P)H).	False
1.14.13.34		Leukotriene-E(4) 20-monooxygenase.	False
1.14.13.35		Anthranilate 3-monooxygenase (deaminating).	False
1.14.13.38	Q58PK7 L8EUQ6	Anhydrotetracycline 6-monooxygenase.	False
1.14.13.39	Q66GP9 P29475 Q9Z0J4 O19132 P29476 Q29498 Q27995 O62699 Q28314 Q92037 O54705 Q90703 P35228 O46660 P29477 Q92091 P79290 O19114 Q06518 P29473 Q9TUX8 P97270 P29474 P70313 Q28969 Q62600 P79209 B1B557 O61608 Q8T8C0 Q27571 O61309 Q6YPG5 Q26240 Q9I9M2	Nitric-oxide synthase (NADPH).	False
1.14.13.4		Melilotate 3-monooxygenase.	False
1.14.13.40		Anthraniloyl-CoA monooxygenase.	False
1.14.13.42		Deleted entry.	False
1.14.13.43	Q0CCX5	Questin monooxygenase.	False
1.14.13.44		2-hydroxybiphenyl 3-monooxygenase.	False
1.14.13.46		(-)-menthol monooxygenase.	False
1.14.13.5		Imidazoleacetate 4-monooxygenase.	False
1.14.13.50	P42535	Pentachlorophenol monooxygenase.	False
1.14.13.51		6-oxocineole dehydrogenase.	False
1.14.13.54		Ketosteroid monooxygenase.	False
1.14.13.58		Benzoyl-CoA 3-monooxygenase.	False
1.14.13.59	P11295 Q7TYQ9 Q73XY8 Q1B6B3 P9WKF6 P9WKF7	L-lysine N(6)-monooxygenase (NADPH).	False
1.14.13.6		Orcinol 2-monooxygenase.	False
1.14.13.61		2-hydroxyquinoline 8-monooxygenase.	False
1.14.13.62		4-hydroxyquinoline 3-monooxygenase.	False
1.14.13.63	Q078T0	3-hydroxyphenylacetate 6-hydroxylase.	False
1.14.13.64		4-hydroxybenzoate 1-hydroxylase.	False
1.14.13.65		Deleted entry.	False
1.14.13.66		2-hydroxycyclohexanone 2-monooxygenase.	False
1.14.13.69	O87082 Q9ZET6 Q9ZET3	Alkene monooxygenase.	False
1.14.13.7	P19729 Q7WTJ6 P19730 P19731 P19732 P19733 Q7WTJ2 P19734 P31020 P15245 Q01551	Phenol 2-monooxygenase (NADPH).	False
1.14.13.8	Q95LA2 P49328 Q01740 P50285 P16549 P17636 P36365 P36366 Q8HZ69 Q99518 Q28505 Q8K2I3 Q8HZ70 Q5REK0 P17635 Q6IRI9 Q8HYJ9 Q95LA1 P31513 Q8SPQ7 P97501 Q7YS44 P32417 Q9EQ76 P31512 Q8VHG0 P36367 Q8K4B7 P49109 P49326 P97872 Q04799 Q8K4C0 O60774	Flavin-containing monooxygenase.	False
1.14.13.81	Q8YX57 P72584 Q8DJ05 Q8YVU4 P74134 Q8DI68 Q8YRZ2 A5EQ73 A4YNQ1 Q9TLR8 Q85FX6 Q7NFA1 Q6B8U1 P51277 A3PD22 A8G4Z1 A2CDU0 A9BAI8 A2BWG6 Q31AS9 Q7VBV0 Q7V3Y9 Q7V1M1 A2BR98 Q1XDK9 Q2ISZ6 Q6N9J7 Q132P2 B3Q7D4 P0DJN9 I0HUK7 Q31LY2 Q5MZZ2 A5GKR3 Q7U6Y8 A5GU20 Q0IAL0 Q3AK18 Q118B4 Q9M591 Q9LD46 Q945B7 Q6SJV8 Q5EFU4 Q9AR22	Magnesium-protoporphyrin IX monomethyl ester (oxidative) cyclase.	False
1.14.13.82	P12609 O05616	Vanillate monooxygenase.	False
1.14.13.83	P21637	Precorrin-3B synthase.	False
1.14.13.84	Q93TJ5	4-hydroxyacetophenone monooxygenase.	False
1.14.13.9	A2Q9N7 A2QMH1 A2QPD9 Q86PM2 Q7Q6A7 Q751I2 A1CT23 B0Y7C3 Q4WN75 Q2UPP1 Q0CRI5 A8Y432 Q21795 Q5A7M3 Q2GQG8 P0CO49 P0CO48 Q11PP7 Q1RLY6 Q6BV21 Q54RE8 A1Z746 P0CU30 Q5B2N0 A5FMP6 A6H1P4 A0M4X2 O15229 A5IG23 Q5WY16 Q91WN4 Q1DDU6 A1DMD5 Q7S3C9 Q0V5K1 A3LNF8 Q9MZS9 Q84HF5 O88867 A8LVF4 A4XD40 B2FL98 Q4P0N0 Q8PM34 Q3BV41 Q4UT92 B0RV00 Q8PAD3 Q2P316 B2SIT6 Q5H038 Q6DIZ8 Q6C9M8 P38169	Kynurenine 3-monooxygenase.	False
1.14.13.92	Q47PU3	Phenylacetone monooxygenase.	False
1.14.14.1	A0A3G9HRC2 Q81BF4 Q9PVE8 Q98T91 Q8AXY5 Q2UNA2 Q9Y8G7 O23066 Q9LMM1 Q9CAD6 O80823 Q3LFU0 P56590 Q06367 Q92039 O42231 Q9W683 P79716 Q5KQT7 P04798 O42430 P33616 Q6GUR1 Q00557 Q92148 P00184 Q92110 Q92095 Q6JZS3 P98181 Q9YH64 Q92100 P05176 P00185 P56591 O42457 Q92116 Q3LFT9 O77810 P56592 Q64391 Q01741 Q5KQT6 P05177 O77809 Q4H4C3 P24453 P00186 Q5RBQ1 P00187 P04799 Q92109 P79760 P79761 Q16678 Q64429 Q64678 P56654 P56655 P56656 O62671 P79402 Q6XVG2 Q9D816 P33273 P11711 P15149 P20812 P15392 P20852 P20853 P80055 P24454 P24455 Q05555 Q05556 P56593 Q16696 P22779 P00176 P04167 P13107 P00178 P12789 P12790 P12791 P24460 P33272 Q64583 O55071 P34033 P00180 P00181 P00182 P11371 P00179 P05178 P05179 P10632 P11712 P08683 P11510 P20814 P17666 P11372 P15123 P33260 P33261 P33262 P56594 Q08078 P33263 P33264 P33265 Q64458 Q29510 Q29478 P10633 P12938 Q64680 A0A087X1C5 P11714 P24456 P12939 P24457 Q01361 Q29473 Q64403 Q29488 O18992 Q8CIM7 P10634 O18963 Q9MZY0 P05181 P33266 Q6GUQ4 P51581 Q05421 P79383 P08682 P05182 P24903 O18809 Q8WNE1 P24461 P10610 P05180 P20678 P52786 P51590 O54749 O54750 Q92090 O93299 O93297 Q27712 Q92088 Q9JMA7 Q9HB55 P04800 P05183 P08684 P20815 P80056 P11707 P24462 P33268 P51538 Q64459 P24463 Q64464 Q64417 Q64406 Q64481 Q64409 Q64581 P79152 O18993 Q29496 O09158 O42563 P79102 P79401 O70537 P10611 Q02928 P24464 P13584 Q64462 P15128 P15129 P29981 Q91WL5 A2A974 Q964T1 P78329 Q08477 P51870 P51871 P98187 Q9HBI6 Q9HCS2 Q86W10 P13527 Q04552 Q27664 Q27756 Q27902 Q95036 Q95031 O61387 P14779 Q91X77 O08336 O08394 Q9HGE0	Unspecific monooxygenase.	False
1.14.14.10	P54989	Nitrilotriacetate monooxygenase.	False
1.14.14.100		Dihydrosanguinarine 10-monooxygenase.	False
1.14.14.101		Dihydrochelirubine 12-monooxygenase.	False
1.14.14.102	O64899 Q9FXW4 O64900 Q9SP06	N-methylcoclaurine 3'-monooxygenase.	False
1.14.14.103	P98183 U5HKE8	Tabersonine 16-hydroxylase.	False
1.14.14.104		Vinorine hydroxylase.	False
1.14.14.105	Q9AXM6	Taxane 10-beta-hydroxylase.	False
1.14.14.106	Q8W4T9	Taxane 13-alpha-hydroxylase.	False
1.14.14.107	O23051 Q9AXH9 Q9C5Y2 Q5VRM7	Ent-kaurenoic acid monooxygenase.	False
1.14.14.108	Q6STM1	2,5-diketocamphane 1,2-monooxygenase.	False
1.14.14.109	Q43250	3-hydroxyindolin-2-one monooxygenase.	False
1.14.14.11	O06834 O50214	Styrene monooxygenase.	False
1.14.14.110		2-hydroxy-1,4-benzoxazin-3-one monooxygenase.	False
1.14.14.111	Q0JF01	9-beta-pimara-7,15-diene oxidase.	False
1.14.14.112	Q69X58 Q6YTF1	Ent-cassa-12,15-diene 11-hydroxylase.	False
1.14.14.113	E3W9C4	Alpha-humulene 10-hydroxylase.	False
1.14.14.114	Q1PS23	Amorpha-4,11-diene 12 monooxygenase.	False
1.14.14.115	H1A988 H1A981	11-oxo-beta-amyrin 30-oxidase.	False
1.14.14.116	Q12732 M2YJD1	Averantin hydroxylase.	False
1.14.14.117	O13345 A0A0D9MRV9 P0CT93 B8NHY4	Aflatoxin B synthase.	False
1.14.14.118	B9WZX1 Q4WAW5 A1DA60	Tryprostatin B 6-hydroxylase.	False
1.14.14.119	B9WZX6 Q4WAX0 A1DA65	Fumitremorgin C monooxygenase.	False
1.14.14.12	P9WJA0 P9WJA1 Q0S811	3-hydroxy-9,10-secoandrosta-1,3,5(10)-triene-9,17-dione monooxygenase.	False
1.14.14.120	H2DH16	Dammarenediol 12-hydroxylase.	False
1.14.14.121	I7CT85	Protopanaxadiol 6-hydroxylase.	False
1.14.14.122	Q6YTF5 Q6Z5I7	Oryzalexin E synthase.	False
1.14.14.123	Q6YTF1	Oryzalexin D synthase.	False
1.14.14.124	Q9Y7C8 Q0C8M4 Q3S2T8	Dihydromonacolin L hydroxylase.	False
1.14.14.125	Q9Y7C8 Q0C8M4 Q3S2T8	Monacolin L hydroxylase.	False
1.14.14.126	Q2MJ20 F6H9N6 A5BFI4 A0A3Q7HBJ5 K4CEE8 I7C6E8	Beta-amyrin 28-monooxygenase.	False
1.14.14.127	Q6R7M4	Methyl farnesoate epoxidase.	False
1.14.14.128	C0SPF7	Farnesoate epoxidase.	False
1.14.14.129	B3RFJ6	Long-chain acyl-CoA omega-monooxygenase.	False
1.14.14.13	Q4H4E5 Q4H4E3	4-(gamma-L-glutamylamino)butanoyl-[BtrI acyl-carrier protein]monooxygenase.	False
1.14.14.130	Q9LNJ4 Q7EZR4	Laurate 7-monooxygenase.	False
1.14.14.131		Bursehernin 5'-monooxygenase.	False
1.14.14.132		(-)-4'-demethyl-deoxypodophyllotoxin 4-hydroxylase.	False
1.14.14.133	Q8VQF6	1,8-cineole 2-endo-monooxygenase.	False
1.14.14.134	Q9XHC6	Beta-amyrin 24-hydroxylase.	False
1.14.14.135		Glyceollin synthase.	False
1.14.14.136		Deoxysarpagine hydroxylase.	False
1.14.14.137	Q949P1 Q09J79 Q05JG2 A9QNE7 O81077 Q09J78 Q6ZDE3 K4CI52 Q9FH76 A2Z212 Q0J185 Q9LJK2	(+)-abscisic acid 8'-hydroxylase.	False
1.14.14.138	Q64148	Lithocholate 6-beta-hydroxylase.	False
1.14.14.139	Q7YRB2	5-beta-cholestane-3-alpha,7-alpha-diol 12-alpha-hydroxylase.	False
1.14.14.14	O42145 P79690 Q29624 O73686 P79430 P79304 Q6QHT9 P46194 Q95M61 Q5QQX7 Q6YI21 P19098 P79699 O46512 P11511 Q92111 Q69FB6 P28649 P70091 Q92087 Q29605 P22443 Q9XS28 Q92112	Aromatase.	False
1.14.14.140	P93149	Licodione synthase.	False
1.14.14.141	Q6QNI4 C0SJS4 C0SJS2	Psoralen synthase.	False
1.14.14.142		8-dimethylallylnaringenin 2'-hydroxylase.	False
1.14.14.143	Q947B7	(+)-menthofuran synthase.	False
1.14.14.144		Abieta-7,13-diene hydroxylase.	False
1.14.14.145	Q50EK6	Abieta-7,13-dien-18-ol hydroxylase.	False
1.14.14.146		Geranylgeraniol 18-hydroxylase.	False
1.14.14.147	Q9M066 Q94IA6	3-epi-6-deoxocathasterone 23-monooxygenase.	False
1.14.14.148	C0SJS3	Angelicin synthase.	False
1.14.14.149	Q94FM7	5-epiaristolochene 1,3-dihydroxylase.	False
1.14.14.15		(3S)-3-amino-3-(3-chloro-4-hydroxyphenyl)propanoyl-[peptidyl-carrierprotein SgcC2] monooxygenase.	False
1.14.14.150	F8S1I0 X2JE85 G3GBK0	Costunolide synthase.	False
1.14.14.151	A6YIH8	Premnaspirodiene oxygenase.	False
1.14.14.152	B5BSX1	Beta-amyrin 11-oxidase.	False
1.14.14.153	Q43257	Indole-2-monooxygenase.	False
1.14.14.154	Q9SAA9 B8N2C8 Q4WNT5 Q4PJW3 Q16850 Q4R8S6 Q8K0C4 O46420 Q5RE72 Q64654 B8NFL5 E9QY26 B8NUK6 Q759W0 P10613 P50859 P14263 Q9UVC3 Q1ZXH9 Q5UQI3 P0A513 P9WPP8 P9WPP9 Q5IZM4 Q12664 Q02315 Q09736 P93846 Q7Z1V1 O14442 P49602 P93596 P10614 Q1JPY5	Sterol 14-alpha-demethylase.	False
1.14.14.155	D7UER1	3,6-diketocamphane 1,2-monooxygenase.	False
1.14.14.156	A0A068Q605 O81346 Q501D8	Tryptophan N-monooxygenase.	False
1.14.14.157	Q43255	Indolin-2-one monooxygenase.	False
1.14.14.158	Q6TBX7	Carotene epsilon-hydroxylase.	False
1.14.14.159	A0A1D6GQ67	Dolabradiene monooxygenase.	False
1.14.14.16	P00191 Q8WNW0 Q2LCM1 Q2LA60 P08686 Q2LA59 P03940 P15540 Q64562	Steroid 21-monooxygenase.	False
1.14.14.160	B4FVP3	Zealexin A1 synthase.	False
1.14.14.161	W8JIS5	Nepetalactol monooxygenase.	False
1.14.14.162	P93149 Q5VRI5	Flavanone 2-hydroxylase.	False
1.14.14.163	I3PLR0	(S)-1-hydroxy-N-methylcanadine 13-hydroxylase.	False
1.14.14.164	Q9SZ46	Fraxetin 5-hydroxylase.	False
1.14.14.165	O49394	Indole-3-carbonyl nitrile 4-hydroxylase.	False
1.14.14.166	I3PLR1	(S)-N-methylcanadine 1-hydroxylase.	False
1.14.14.167	I3V6B7	(13S,14R)-13-O-acetyl-1-hydroxy-N-methylcanadine 8-hydroxylase.	False
1.14.14.168	F8S1H3 A0A2H4DGV8	Germacreene A acid 8-beta-hydroxylase.	False
1.14.14.169	F8S1H8	Eupatolide synthase.	False
1.14.14.17	O65404 O65727 O65402 O65726 O65403 Q9SM02 O81000 Q8VYH2 Q75F69 Q92206 O13306 Q14534 P52019 P52020 Q9C1W3 P32476 O48651 B7TWW5	Squalene monooxygenase.	False
1.14.14.170		8-epi-inunolide synthase.	False
1.14.14.171		Beta-amyrin 16-alpha-hydroxylase.	False
1.14.14.172		3,5,6-trichloropyridin-2-ol monooxygenase.	False
1.14.14.173		2,4,6-trichlorophenol monooxygenase.	False
1.14.14.18	C3PAD1 C3L7Z8 A0RJE3 Q81L50 B7JR48 Q72ZK2 B7IJU1 C1ETY1 B7HF56 B7HRI4 B9J044 Q812Q3 Q633Q1 Q9K7R6 Q6HCY5 A9VJK2 Q5WCF2 Q7AP29 C1KZZ5 Q723G7 B8DCJ3 Q92EH3 A0AFT8 O31534 P38049 O48782 Q5E9F2 P14791 P09601 P14901 Q69XJ4 P32394 Q5R7E3 P06762 P30519 Q2PG53 O70252 P43242 P23711 Q9C9L4 O70453 Q9LQC0 O73688 P71119 Q8YVS7 P72849 P74133 O78497 P51271 Q1XDL5 O19998 A0A0H2XEA6	Heme oxygenase (biliverdin-producing).	False
1.14.14.19	Q9GMC7 P05185 Q9N0U7 Q64410 P12394 Q9GMC8 Q95328 P05093 O73853 Q2XVA1 Q8HYM9 P70687 P27786 P30437 P70085 Q8HYN1 Q8HYN0 Q9GLD2 Q91Z85 P19100 O57525 P11715 Q29497 Q92113	Steroid 17-alpha-monooxygenase.	False
1.14.14.20		Phenol 2-monooxygenase (FADH(2)).	False
1.14.14.21		Dibenzothiophene monooxygenase.	False
1.14.14.22		Dibenzothiophene sulfone monooxygenase.	False
1.14.14.23	P46634 P22680 Q64505 O46491 P51542 P18125	Cholesterol 7-alpha-monooxygenase.	False
1.14.14.24	Q6VVX0 Q6VVW9	Vitamin D 25-hydroxylase.	False
1.14.14.25	Q9Y6A2 Q9WVK8	Cholesterol 24-hydroxylase.	False
1.14.14.26	Q9NYL5 Q9JKJ9 P22680 Q64505 O46491 P51542 P18125 O75881 Q60991	24-hydroxycholesterol 7-alpha-hydroxylase.	False
1.14.14.27		Resorcinol 4-hydroxylase (FADH(2)).	False
1.14.14.29	O75881 Q60991 Q63688	25/26-hydroxycholesterol 7-alpha-hydroxylase.	False
1.14.14.3	P09140 P19839 P29238 P23146 P19907 P18299 Q7N575 P24113 P24114 P07740 P09141 P19840 P29239 P23147 P19908 P18300 Q7N574 P12744 P07739	Bacterial luciferase.	False
1.14.14.30	P96072	Isobutylamine N-monooxygenase.	False
1.14.14.31		Ipsdienol synthase.	False
1.14.14.32	Q9GMC7 P05185 Q9N0U7 Q64410 P12394 Q9GMC8 Q95328 P05093 O73853 Q2XVA1 Q8HYM9 P70687 P27786 P30437 P70085 Q8HYN1 Q8HYN0 Q9GLD2 Q91Z85 P19100 O57525 P11715 Q29497 Q92113	17-alpha-hydroxyprogesterone deacetylase.	False
1.14.14.33		Ethylenediaminetetraacetate monooxygenase.	False
1.14.14.34		Methanesulfonate monooxygenase (FMNH(2)).	False
1.14.14.35	Q3KC85 Q65YW9	Dimethylsulfone monooxygenase.	False
1.14.14.36	Q43135	Tyrosine N-monooxygenase.	False
1.14.14.37	O48958	4-hydroxyphenylacetaldehyde oxime monooxygenase.	False
1.14.14.38	Q9M7B8 Q9M7B7	Valine N-monooxygenase.	False
1.14.14.39	Q6J541 Q6J540	Isoleucine N-monooxygenase.	False
1.14.14.40	A0A068Q7V0 Q9FLC8	Phenylalanine N-monooxygenase.	False
1.14.14.41	Q6XQ14	(E)-2-methylbutanal oxime monooxygenase.	False
1.14.14.42	Q949U1 Q9FUY7	Homomethionine N-monooxygenase.	False
1.14.14.43	P48421	(Methylsulfanyl)alkanaldoxime N-monooxygenase.	False
1.14.14.44	A0A068Q609	Phenylacetaldehyde oxime monooxygenase.	False
1.14.14.45	O65782	Aromatic aldoxime N-monooxygenase.	False
1.14.14.46	P53554	Pimeloyl-[acyl-carrier protein] synthase.	False
1.14.14.47	O34453 Q9RR97 Q5HEK7 P0A092 P0A093 Q6GFE2 Q6G818 P0A004 P0A094	Nitric-oxide synthase (flavodoxin).	False
1.14.14.48	Q9FMV7 Q9SMP5	Jasmonoyl-L-amino acid 12-hydroxylase.	False
1.14.14.49	Q9ZUX1	12-hydroxyjasmonoyl-L-amino acid 12-hydroxylase.	False
1.14.14.5	Q9I1C2 Q98CB9 Q98DT4 A1TRM3 Q8UAE8 C1DN48 Q65M61 P40402 A7Z2Q3 Q89ER2 Q3JSR8 Q2SVM8 Q9KHR3 A8AID7 A7MEW3 Q1LNM2 Q0K9I0 Q46ZU3 B3R2K7 A9C3F6 A7ZK27 B7UN21 B7MHP4 B7LE35 Q8XDD9 B5YT69 B7NM39 B7MS53 B7M864 C4ZQ61 B1X8N9 A7ZYN8 A1A9L2 Q0TJB9 Q8FJ93 B1IVZ6 P80645 B7N3A4 B6I909 B1LJS7 Q1RDS2 A4W8V4 D2TDP0 B2VC88 B7LNV2 B7KX11 B2JKA8 B2T3J1 Q6CYU4 C6DGK1 A1VPZ7 Q48H03 Q9HYG2 Q1IGL6 A4Y0F3 A5VX17 B0KH56 Q88R95 O85764 B1JEV9 Q87ZG3 Q9KHS2 Q4ZRE3 B2UAU3 Q8XZQ6 B3Q1C3 Q6N6K3 B3QIN8 A8GCK1 Q0T6A4 P59189 A9FK50 C5CNW9 Q8PP38 A7FDL9 Q1C1S2 B2K4U5 Q8ZB04 Q1CDQ8 A4TH89 Q665B4 B1JKC0	Alkanesulfonate monooxygenase.	False
1.14.14.50	I1TEM1	Tabersonine 3-oxygenase.	False
1.14.14.51	Q6WKZ1 Q9XHE8 P11712 P33261 O85057	(S)-limonene 6-monooxygenase.	False
1.14.14.52	P11712 P33261 O85057	(S)-limonene 7-monooxygenase.	False
1.14.14.53	P11712 P33261	(R)-limonene 6-monooxygenase.	False
1.14.14.54	Q9Y7G5	Phenylacetate 2-hydroxylase.	False
1.14.14.55	P08684	Quinine 3-monooxygenase.	False
1.14.14.56	P08684	1,8-cineole 2-exo-monooxygenase.	False
1.14.14.57	Q9GJX5	Taurochenodeoxycholate 6-alpha-hydroxylase.	False
1.14.14.58	Q9LSF8 A0A1D6HSP4 A0A1D6F9Y9	Trimethyltridecatetraene synthase.	False
1.14.14.59	Q9LSF8 A0A1D6HSP4	Dimethylnonatriene synthase.	False
1.14.14.60		Ferruginol monooxygenase.	False
1.14.14.61		Carnosic acid synthase.	False
1.14.14.62		Salviol synthase.	False
1.14.14.63		Beta-amyrin 16-beta-monooxygenase.	False
1.14.14.64	A0A3Q7HS74	Beta-amyrin 6-beta-monooxygenase.	False
1.14.14.65		Sugiol synthase.	False
1.14.14.66		Marmesin synthase.	False
1.14.14.67		11-hydroxysugiol 20-monooxygenase.	False
1.14.14.68	Q0DBF4	Syn-pimaradiene 3-monooxygenase.	False
1.14.14.69	Q6YV88	Ent-cassadiene hydroxylase.	False
1.14.14.8	A4IT51	Anthranilate 3-monooxygenase (FAD).	False
1.14.14.80	Q9C788 P48422 Q0IIF9 Q7Z449 Q9CX98 Q4V8D1 P20816 P14579 P14580 P14581 O88833 P08516 Q02928 P20817 Q5TCH4 Q8SPK1 Q8SPK0 Q9HBI6 Q6ZWL3 Q9DBW0 Q5RCN6 A2RRT9 B8QHP3 B8QHP1 B8QHP5	Long-chain fatty acid omega-monooxygenase.	False
1.14.14.81	P48418 P37120 P48419 Q96581 Q96418 O04773 O04790 A0A4D6Q414	Flavonoid 3',5'-hydroxylase.	False
1.14.14.82	Q7G602 Q8LM92 A0A4D6Q415 Q9SD85 Q9SBQ9	Flavonoid 3'-monooxygenase.	False
1.14.14.83	Q8VWZ7 D1MI46	Geraniol 8-hydroxylase.	False
1.14.14.84	Q59723	Linalool 8-monooxygenase.	False
1.14.14.85	U5NE19	7-deoxyloganate 7-hydroxylase.	False
1.14.14.86	Q5Z5R4 S0E3D0 Q93ZB2 O94142 Q701P2 A0A0G2RKY1	Ent-kaurene monooxygenase.	False
1.14.14.87	Q9SWR5 Q9SXS3 G4XV71	2-hydroxyisoflavanone synthase.	False
1.14.14.88	Q6WNQ9	Isoflavone 3'-hydroxylase.	False
1.14.14.89	Q6WNR0	4'-methoxyisoflavone 2'-hydroxylase.	False
1.14.14.9	Q57160 Q48440 Q9HWT7 Q5SJP8 Q6Q272 Q4L1M7 A4IT51 C0SPC0	4-hydroxyphenylacetate 3-monooxygenase.	False
1.14.14.90	P93147	Isoflavone 2'-hydroxylase.	False
1.14.14.91	F1B282 F1B283 P92994 P48522 O81928 Q96423 Q04468 P37114 A0A2H5AIX7 Q5W6F1 Q43067 Q43033 Q43054 O24312 Q9AR74 Q94IP1 Q42797 P37115 Q43240	Trans-cinnamate 4-monooxygenase.	False
1.14.14.92	P17549	Benzoate 4-monooxygenase.	False
1.14.14.93	Q42798	3,9-dihydroxypterocarpan 6A-monooxygenase.	False
1.14.14.94	P33274 P78329 Q08477 P51869 Q9EP75	Leukotriene-B(4) 20-monooxygenase.	False
1.14.14.95	D5JBX1 D5JBW8 D5JBX0 D5J9U8 D5JBW9 X2JI34	Germacrene A hydroxylase.	False
1.14.14.96		5-O-(4-coumaroyl)-D-quinate 3'-monooxygenase.	False
1.14.14.97	L7X3S1	Methyltetrahydroprotoberberine 14-monooxygenase.	False
1.14.14.98	F2Z9C1 L7X0L7	Protopine 6-monooxygenase.	False
1.14.14.99	Q9XHE7 Q9XHE6 Q6WKY9 Q6IV13	(S)-limonene 3-monooxygenase.	False
1.14.15.1	P00183	Camphor 5-monooxygenase.	False
1.14.15.10		(+)-camphor 6-endo-hydroxylase.	False
1.14.15.11	Q825I8	Pentalenic acid synthase.	False
1.14.15.13	O34926	Pulcherriminic acid synthase.	False
1.14.15.14	P0A517 P9WPP2 P9WPP3	Methyl-branched lipid omega-hydroxylase.	False
1.14.15.15	Q02318 Q9DBG1 P17177 P17178 O46658 C4B644 H2KYS3	Cholestanetriol 26-monooxygenase.	False
1.14.15.16	Q07973 Q64441 Q09128	Vitamin D(3) 24-hydroxylase.	False
1.14.15.17	Q9FYC2 Q0DV66	Pheophorbide a oxygenase.	False
1.14.15.18	O15528 O35084 O35132	Calcidiol 1-monooxygenase.	False
1.14.15.19		C-19 steroid 1-alpha-hydroxylase.	False
1.14.15.20		Heme oxygenase (biliverdin-producing, ferredoxin).	False
1.14.15.21	Q96375 Q40412 O81360 P93236 A0A0K9RDW0 Q9FGC7 C3VEQ2 Q0JCU7	Zeaxanthin epoxidase.	False
1.14.15.22	P18326	Vitamin D 1,25-hydroxylase.	False
1.14.15.23	A0A059WLZ7	Chloroacetanilide N-alkylformylase.	False
1.14.15.24	Q9SZZ8 O49815 Q9LTG0 O49814 B3SGL0 Q9SPK6 C3VEQ1 P21688 Q44262 P54973	Beta-carotene 3-hydroxylase.	False
1.14.15.25		p-cymene methyl-monooxygenase.	False
1.14.15.26		Toluene methyl-monooxygenase.	False
1.14.15.3	Q0VKZ3 Q9I0R2 Q0VTH3 Q6H941 O31250 P12691 Q9WWW6	Alkane 1-monooxygenase.	False
1.14.15.30	F1CMX0 F1CMX8 B6V6V5 F1CMY8 A0R4R3 P71875 A0R525 P9WJ92 P9WJ93 B6V6V6	3-ketosteroid 9-alpha-monooxygenase.	False
1.14.15.31	Q84HB6	2-hydroxy-5-methyl-1-naphthoate 7-hydroxylase.	False
1.14.15.32	Q82IY3	Pentalenene oxygenase.	False
1.14.15.33	O87605	Pikromycin synthase.	False
1.14.15.34	Q9ZHQ1	20-oxo-5-O-mycaminosyltylactone 23-monooxygenase.	False
1.14.15.35	Q00441	6-deoxyerythronolide B hydroxylase.	False
1.14.15.36		Sterol 14-alpha-demethylase (ferredoxin).	False
1.14.15.37		Luteothin monooxygenase.	False
1.14.15.4	P15150 Q64408 P15538 P97720 Q29527 Q29552 P15393 P51663 P19099 Q64658 P15539 P30099 P30100 Q92104	Steroid 11-beta-monooxygenase.	False
1.14.15.5	P19099 Q64658 P15539 P30099 P30100	Corticosterone 18-monooxygenase.	False
1.14.15.6	P00189 P79153 O46515 P05108 Q92045 Q2XV99 Q9EPT4 Q9QZ82 Q07217 P10612 Q28827 P14137 P79202	Cholesterol monooxygenase (side-chain-cleaving).	False
1.14.15.7	Q93XE1 Q9SZR0 Q9LKN0 O22553 O04121	Choline monooxygenase.	False
1.14.15.8	Q06069	Steroid 15-beta-monooxygenase.	False
1.14.15.9	P17055	Spheroidene monooxygenase.	False
1.14.16.1	Q2KIH7 P90925 Q9A7V7 P30967 Q54XS1 P17276 P00439 P16331 P43334 Q8XU39 P04176 Q98D72 Q9KLB8	Phenylalanine 4-monooxygenase.	False
1.14.16.2	O42091 P17289 A8X3V8 P90986 Q76IQ3 P18459 P07101 P24529 A0A060X6Z0 P11982 P04177 O17446	Tyrosine 3-monooxygenase.	False
1.14.16.3		Deleted entry.	False
1.14.16.4	P90925 Q54XS1 P17276 P70080 P17752 P17532 P17290 P09810 Q0EAB8 Q8IWU9 Q2HZ26 Q8CGV2 Q8CGU9 Q92142	Tryptophan 5-monooxygenase.	False
1.14.16.5	O17554 Q6NYE4 Q6ZNB7 Q8BS35 A0JPQ8 Q5M8F9	Alkylglycerol monooxygenase.	False
1.14.16.6		Mandelate 4-monooxygenase.	False
1.14.16.7	F5BFC8	Phenylalanine 3-monooxygenase.	False
1.14.17.1	P15101 Q68CI2 Q9XTA0 P09172 Q64237 Q05754	Dopamine beta-monooxygenase.	False
1.14.17.3	P08478 P12890 P83388 P10731 P19021 P97467 P14925 Q95XM2 O01404	Peptidylglycine monooxygenase.	False
1.14.17.4	Q9ZUN4 Q09052 Q04644 Q76NT9 A6BM06 P31238 Q00985 A2Z1W9 Q0J1C1 Q08506 P05116 Q41931 Q39705 O48882 P07920 O65378 P54847 Q08507 Q06588 Q08508 P24157 Q0WPW4 P31237 Q9ZQZ1 P31528 Q8S932 Q9FR99 P31239 P19464 Q9MB94 Q43792	Aminocyclopropanecarboxylate oxidase.	False
1.14.18.1	Q00024 Q3ZPT5 O42713 Q9V521 C7FF04 Q8I1F6 Q9W1V6 C0HJM0 C7FF05 Q27451 O44249 P85046 Q27452 Q25519 Q8J130 Q00234 Q8MIU0 P54834 P55024 Q08410 P55033 Q9BDE0 P14679 P11344 P00440 P55025 Q0MVP0 Q04604 P55026 A7BHQ9 Q92396 P33180 P07524 P06845 P55022 P55023 B8NM74	Tyrosinase.	False
1.14.18.10		Plant 4,4-dimethylsterol C-4-alpha-methyl-monooxygenase.	False
1.14.18.11		Plant 4-alpha-monomethylsterol monooxygenase.	False
1.14.18.12		2-hydroxy fatty acid dioxygenase.	False
1.14.18.2	Q95V11 Q9WV23 Q6GML1 Q8MJC8 Q9TUJ2 Q61419 Q8MJD0 O97598 O19074 Q8MJC6 Q8AVF5	CMP-N-acetylneuraminate monooxygenase.	False
1.14.18.3	Q607G3 G1UBD1	Methane monooxygenase (particulate).	False
1.14.18.4	Q41131	Phosphatidylcholine 12-monooxygenase.	False
1.14.18.5	Q0II71 G5EC63 Q6QHC5 Q8R2F2 Q564G3 Q8VYI1 Q9AST3	Sphingolipid C4-monooxygenase.	False
1.14.18.6	Q03529	4-hydroxysphinganine ceramide fatty acyl 2-hydroxylase.	False
1.14.18.7	O48916 Q9SUC5 Q03529	Dihydroceramide fatty acyl 2-hydroxylase.	False
1.14.18.8	Q9UNU6 O88962 O02766	7-alpha-hydroxycholest-4-en-3-one 12-alpha-hydroxylase.	False
1.14.18.9	Q5ZLL6 Q7ZW77 Q15800 Q4R4Q4 Q9CRA4 Q6UGB2 Q5R574 O35532 Q55D52 Q55D54 O59933 Q9UUH4 P53045 Q8L7W5 Q1EC69 F4JLZ6 Q9ZW22 Q8VWZ8	4-alpha-methylsterol monooxygenase.	False
1.14.19.1	Q12618 O94523 P21147 P13516 P07308 Q9TT94 Q95MI7 Q92038 O00767 Q64420 O02858 O62849 A0A0C5Q309 P13011 Q6P7B9 Q6T707 Q2KIA4 Q86SK9	Stearoyl-CoA 9-desaturase.	False
1.14.19.10	Q9FV68	Icosanoyl-CoA 5-desaturase.	False
1.14.19.11	E3PZS1 E3PZS3 E3PZS2 E3PZS0 E3PZR9 P32063	Acyl-[acyl-carrier-protein] 4-desaturase.	False
1.14.19.12	Q2HWK7	Acyl-lipid omega-(9-4) desaturase.	False
1.14.19.13	Q594P3	Acyl-CoA 15-desaturase.	False
1.14.19.14	Q9FPP8 Q9FPP7	Linoleoyl-lipid Delta(9) conjugase.	False
1.14.19.15	Q75PL7	(11Z)-hexadec-11-enoyl-CoA conjugase.	False
1.14.19.16	Q84UB8 Q84UC0	Linoleoyl-lipid Delta(12) conjugase (11E,13Z-forming).	False
1.14.19.17	Q3ZBY7 O44186 Q5F3C1 O15121 Q6UQ04 O09005 Q5RE51 Q5XIF5 Q68FB8 Q0II71 G5EC63 Q6QHC5 Q8R2F2 Q564G3 Q5AJX2 C4R613 O59715 Q9ZPH4 Q6H5U3	Sphingolipid 4-desaturase.	False
1.14.19.18	Q5AEK8 Q6CMK7 Q8NKG8 C4QVU3 Q8NKG9	Sphingolipid 8-(E)-desaturase.	False
1.14.19.19	Q4G2T3	Sphingolipid 10-desaturase.	False
1.14.19.2	Q9LF04 E3PZS1 B8A7A3 Q8LJJ9 Q9M881 E3PZS3 E3PZS2 A2WYF4 Q8S059 Q9LF05 Q9M880 Q9M879 A2XSL4 Q40731 Q84VY3 O22832 Q01771 P29108 P22243 O24428 Q42770 Q96456 P32062 Q43593 P22337 Q01753 Q41319 P46253 Q42807 P28645	Stearoyl-[acyl-carrier-protein] 9-desaturase.	False
1.14.19.20	O94457 O13666 Q754B9 O93875 Q8NJ57 P50860 Q8J207 Q7SBB6 P32353 Q39208 Q9M883 O75845 O88822 Q9EQS5 Q9ZT29	Delta(7)-sterol 5(6)-desaturase.	False
1.14.19.21	Q17938 Q6DHJ3 F7J184	Cholesterol 7-desaturase.	False
1.14.19.22	P46313	Acyl-lipid omega-6 desaturase (cytochrome b5).	False
1.14.19.23	P46312 P48627 P48628 P48629	Acyl-lipid (n+3)-(Z)-desaturase (ferredoxin).	False
1.14.19.24		Acyl-CoA 11-(E)-desaturase.	False
1.14.19.25	P48623 P48624 Q59J82	Acyl-lipid omega-3 desaturase (cytochrome b5).	False
1.14.19.26	Q41510	Acyl-[acyl-carrier-protein] 6-desaturase.	False
1.14.19.27		sn-2 palmitoyl-lipid 9-desaturase.	False
1.14.19.28		sn-1 stearoyl-lipid 9-desaturase.	False
1.14.19.29	Q9ZRP7 Q9FR82 Q43469 Q3EBF7	Sphingolipid 8-(E/Z)-desaturase.	False
1.14.19.3	B2KKL4 A4FV48 Q9DEX7 O95864 Q4R749 Q9Z0R9 B8R1K0 Q5REA7 Q9Z122 A0A0C5PRW9 Q08871	Acyl-CoA 6-desaturase.	False
1.14.19.30	O74212 A9SIZ6 A4KDP0 Q8S3C1 O96099	Acyl-lipid (8-3)-desaturase.	False
1.14.19.31	I2CYZ4 Q6VPV2 Q6WNG7 A0PJ29 Q8S3C0	Acyl-lipid (7-3)-desaturase.	False
1.14.19.32		Palmitoyl-CoA 14-(E/Z)-desaturase.	False
1.14.19.33	Q9SP62 Q9SP61 Q8GZC2	Delta(12) acyl-lipid conjugase (11E,13E-forming).	False
1.14.19.34	Q6RS95 Q8GZC2	Acyl-lipid (9+3)-(E)-desaturase.	False
1.14.19.35	P46310 Q56VS4 P48622	sn-2 acyl-lipid omega-3 desaturase (ferredoxin).	False
1.14.19.36		sn-1 acyl-lipid omega-3 desaturase (ferredoxin).	False
1.14.19.37	P0DOW2 P0DOW3	Acyl-CoA 5-desaturase.	False
1.14.19.38	Q9LEN0	Acyl-lipid Delta(6)-acetylenase.	False
1.14.19.39	O81931	Acyl-lipid Delta(12)-acetylenase.	False
1.14.19.41	O64697 O64698 Q9ZV29 Q9ZV28 Q1T7C2 P54781	Sterol 22-desaturase.	False
1.14.19.44	B2KKL4 D8X2C5 O60427 Q920L1 A4UVI1 Q920R3 Q9DEX7	Acyl-CoA (8-3)-desaturase.	False
1.14.19.48		Tert-amyl alcohol desaturase.	False
1.14.19.49	A0A1E7MYN1	Tetracycline 7-halogenase.	False
1.14.19.50	A0A140IL90 A0A2H5AJ00 A0A140IL91 A0A2H5AIZ9 A0A140IL92	Noroxomaritidine synthase.	False
1.14.19.51	A8CDR5	(S)-corytuberine synthase.	False
1.14.19.52	Q9LW27	Camalexin synthase.	False
1.14.19.53	A8WGA0 Q4G0S4 P0DOX0	All-trans-retinol 3,4-desaturase.	False
1.14.19.6	Q54794 P20388 Q9Y8H5 P59668 Q8GZC3 P46313	Acyl-CoA (9+3)-desaturase.	False
1.14.19.60		7-chloro-L-tryptophan 6-halogenase.	False
1.14.19.61		Dihydrorhizobitoxine desaturase.	False
1.14.19.62	Q05047 U5NDT8	Secologanin synthase.	False
1.14.19.63		Pseudobaptigenin synthase.	False
1.14.19.64	Q50LH3 Q50LH4 B1NF19	(S)-stylopine synthase.	False
1.14.19.65	B5UAQ8 B1NF20	(S)-cheilanthifoline synthase.	False
1.14.19.66	P47195	Berbamunine synthase.	False
1.14.19.67	B1NF18	Salutaridine synthase.	False
1.14.19.68	Q50LH4 Q948Y1 B1NF19 I3QBP4	(S)-canadine synthase.	False
1.14.19.69	Q9KZF5 Q9FCA6	Biflaviolin synthase.	False
1.14.19.8	E3VWJ9 E3VWI3	Pentalenolactone synthase.	False
1.14.19.9	P95480 Q8KHZ8	Tryptophan 7-halogenase.	False
1.14.20.1	Q03047 P18548 P11935	Deacetoxycephalosporin-C synthase.	False
1.14.20.10		Tyrosine isonitrile desaturase/decarboxylase.	False
1.14.20.11		3-((Z)-2-isocyanoethenyl)-1H-indole synthase.	False
1.14.20.12		3-((E)-2-isocyanoethenyl)-1H-indole synthase.	False
1.14.20.13		6-beta-hydroxyhyoscyamine epoxidase.	False
1.14.20.14		Hapalindole-type alkaloid chlorinase.	False
1.14.20.15		L-threonyl-[L-threonyl-carrier protein] 4-chlorinase.	False
1.14.20.3	Q9XB59	(5R)-carbapenem-3-carboxylate synthase.	False
1.14.20.4	A2WQ39 Q93VC3 Q67VR7 A0A2R6PI27 Q96323 P41213 P51091 O04274 P51092 P51093	Anthocyanidin synthase.	False
1.14.20.5	Q7XZQ8	Flavone synthase I.	False
1.14.20.6	Q96330 A0A4D6Q440 Q9FFQ5 F4KAS1 Q9FFQ4 F4K7D5 Q9ZWQ9 Q9M547 Q9XHG2 O04395 Q7XZQ6 Q07512 Q41452	Flavonol synthase.	False
1.14.99.1	O62664 Q8HZR1 P23219 P22437 O97554 Q63921 P05979 O62698 P70682 P27607 O19183 P35354 Q05769 O62725 O02768 P35355 P79208	Prostaglandin-endoperoxide synthase.	False
1.14.99.11		Estradiol 6-beta-monooxygenase.	False
1.14.99.12		Androst-4-ene-3,17-dione monooxygenase.	False
1.14.99.14		Progesterone 11-alpha-monooxygenase.	False
1.14.99.15	Q6N8N2	4-methoxybenzoate monooxygenase (O-demethylating).	False
1.14.99.18		Deleted entry.	False
1.14.99.2		Kynurenine 7,8-hydroxylase.	False
1.14.99.20		Phylloquinone monooxygenase (2,3-epoxidizing).	False
1.14.99.21		Latia-luciferin monooxygenase (demethylating).	False
1.14.99.22	Q9VUF8	Ecdysone 20-monooxygenase.	False
1.14.99.23		3-hydroxybenzoate 2-monooxygenase.	False
1.14.99.24		Steroid 9-alpha-monooxygenase.	False
1.14.99.26		2-hydroxypyridine 5-monooxygenase.	False
1.14.99.29	Q2QXB3 Q2QLW3 Q94JW0 Q752Z8 A1CED0 Q4WHG5 A2QXL3 Q2UMQ8 Q0VC53 Q17949 Q59Z14 Q6FUV3 Q2H0C0 Q5ZIP3 Q1E9L2 P0CN11 P0CN10 Q7ZUX6 Q6BKA6 Q556G4 Q9V9U4 Q297S2 Q5AW32 Q8SV71 Q4HZ35 Q9BU89 Q6CV81 D9IFD5 Q96WP5 Q99LN9 A1DFW7 Q7S891 Q0UHL8 A5JZ19 Q5PPJ4 Q9P6K9 Q4PHU4 Q66KT3 Q6CHJ7 P47120	Deoxyhypusine monooxygenase.	False
1.14.99.34		Monoprenyl isoflavone epoxidase.	False
1.14.99.35		Thiophene-2-carbonyl-CoA monooxygenase.	False
1.14.99.37	Q6WG30	Taxadiene 5-alpha-hydroxylase.	False
1.14.99.38	Q5PRC0 O95992 Q9Z0F5 Q4G1G8 Q4QQV7	Cholesterol 25-hydroxylase.	False
1.14.99.39	Q04507 Q04508	Ammonia monooxygenase.	False
1.14.99.4		Progesterone monooxygenase.	False
1.14.99.44	Q4VKU9	Diapolycopene oxygenase.	False
1.14.99.46	Q6FFZ7 P58759 B9JLT9 B9K4P2 A5EB33 B0SW63 D5VGV4 Q9A4N2 B8H1Q4 A7ME52 C9Y0S7 C8U5H4 C8UMM8 A7ZKB7 C8TNC2 B7UNZ5 D3H125 B7MIF9 B7LFC2 Q8XAU1 B5YU53 C6UPN4 B7NLB4 B7MTF5 B7M8Z7 C6EHJ5 C6UFC3 C4ZQE0 D3QPK5 C9QZ64 B1X9D3 A7ZYW7 A1A9R7 D5CZH2 Q0TJ55 Q8FJ41 B1IV85 P75898 B7N3G8 D2NGI9 B6I988 B1LIZ3 Q1RDK5 A4W925 D5CE32 D0LI58 B5XXN0 A6T7A2 D3RKL0 B7KWT7 C5B0U9 C7CM36 A9W3I1 B1ZB15 B1M6B9 D4GEU4 Q48MQ4 Q4ZXR7 A4VQH4 A8GCT6 Q32HQ0 D2AC43 Q0T622 Q83LK6 C5CN79 A1JMY1	Pyrimidine monooxygenase.	False
1.14.99.47	Q6UIL3	(+)-larreatricin hydroxylase.	False
1.14.99.48	Q2FHU5 Q2FZE2 Q5HGU8 A6QG37 Q99UW8 Q7A649 Q6GHV0 Q6GA79 Q8NX62 Q2FK96 Q2G1J2 Q5HJK5 A6QDF1 Q99X56 Q7A827 Q6GKE0 Q6GCW1 Q7A1Y8 A7WXE5 Q2YX89 A8Z1R5 Q5HM56 Q8CRK4 Q4L849 Q49ZB8	Heme oxygenase (staphylobilin-producing).	False
1.14.99.50	A0R5N0 G7CFI3 Q7D513 O69671	Gamma-glutamyl hercynylcysteine S-oxide synthase.	False
1.14.99.51	Q7RX33 O94632	Hercynylcysteine S-oxide synthase.	False
1.14.99.52		L-cysteinyl-L-histidinylsulfoxide synthase.	False
1.14.99.53	Q838S1 A3KIM2	Lytic chitin monooxygenase.	False
1.14.99.54	A3KKC4	Lytic cellulose monooxygenase (C1-hydroxylating).	False
1.14.99.55		Lytic starch monooxygenase.	False
1.14.99.56		Lytic cellulose monooxygenase (C4-dehydrogenating).	False
1.14.99.57	P9WKH2 P9WKH3	Heme oxygenase (mycobilin-producing).	False
1.14.99.58	Q9KL41 G3XCZ8	Heme oxygenase (biliverdin-IX-beta and delta-forming).	False
1.14.99.59	P0DPA7 A0A286LF02	Tryptamine 4-monooxygenase.	False
1.15.1.1	E3YBA4 Q94EG3 Q9SPV5 O50258 P13926 P15107 Q5AD05 D4B5D4 Q5AD07 Q5ACV9 Q3MSU9 O67149 P24704 Q42611 O42724 Q55GQ5 P93258 P80740 A2XGP6 Q0DRV6 E8XDJ8 P0CW86 P14830 O66602 O78310 Q42612 P82902 Q54RN1 P11428 O49044 Q8L5E0 P28757 P29428 Q43779 Q9FK60 Q54RQ1 Q54TU5 P23345 Q54G70 P23346 Q54TW8 O65198 P93407 P11964 P10792 P29427 P81082 P24707 P36214 O04997 P14831 P07505 O65199 O65175 P24702 Q59081 Q9SQL5 Q751L8 Q8X1S6 Q9Y8D9 Q12548 A2QMY6 P85978 Q877B5 P82205 Q52RN5 Q70Q35 P00442 P09678 P15453 P66826 P41962 P66827 A8XCP3 P34697 Q8HXP8 H6BDU4 O59924 Q6FWL5 Q8WNN6 O22373 Q5FB29 P80174 O65768 P20379 P33431 P28755 O46412 P80566 Q07182 Q96VL0 O94178 Q8J0N2 Q9C0N4 O73872 Q9RU48 P54407 Q9U4X4 P61853 Q95081 P61851 Q95079 Q95085 Q9U4X5 Q95087 Q95088 Q95086 P61854 P61852 Q9U4X2 Q95095 P10791 P41973 Q9U4X3 P0AGD2 P0AGD1 Q9HEY7 Q59448 Q27666 Q59452 P25842 P81926 P00443 P34936 P00441 P83684 Q8HXQ3 Q07796 Q8J0N3 Q6CPE2 P81036 Q5ZT17 P69049 P23417 Q8HXQ1 Q8HXQ2 Q8HXQ0 Q51853 P08228 P0A609 Q9CBI6 Q9AGW2 P9WGE8 P9WGE9 P57005 Q59623 P07509 P27082 P24705 O12933 P24706 O22668 P60052 P83129 Q59689 O49073 Q90023 Q02610 P00446 P04178 P24669 Q711T9 Q6T3B0 Q8HXQ4 P11418 P09212 P07632 O68901 Q8HXP9 Q01137 P28758 P09670 O04996 Q7M1R5 P22233 P81163 Q0IIW3 P03946 Q6C662 P00445 O65174 C0HK70 P41963 P34461 P41974 Q7JR71 P51547 P08294 O09164 Q07449 P41975 Q08420 P16026 P21276 Q5VRL3 Q9LU64 Q5VSB7 Q9FMX0 Q9P9L3 Q9Y8H8 P83157 O67470 Q9X6W9 O15905 P53638 O35023 P37369 D3KVM5 P53639 Q0PBW9 A1VXQ2 P19685 P83707 P0AGD5 P0AGD4 P0AGD3 P34107 Q9ZKE6 P43312 P31108 P50061 P23744 P18868 Q60036 Q7TVI9 P9WGE6 P9WGE7 P22302 Q8YSZ1 P81527 P09213 Q8IAY6 Q9TW89 Q27740 Q9Y1B0 Q9Y1A9 P19665 P53641 Q88PD5 P09223 P84612 O93724 Q9XD74 O30970 Q1RH88 Q92HJ3 Q4ULI1 Q9ZD15 Q68WK0 P80857 P0A2F5 P0A2F4 P0AGD6 P28759 O51917 Q08713 P18655 P77968 P19666 O81235 Q81LW0 Q818I1 P31161 O08461 P09737 Q03300 P50058 P09233 Q2FGH0 P0A0J3 Q2YT26 Q5HFK7 P0A0J1 P99098 Q6GGE6 Q6G913 P0A0J2 Q9LYK8 Q81JK8 Q814I6 P41977 O08460 P09224 Q03301 P50059 P41978 Q2FKC6 Q2G261 Q2YUU9 Q5HJN5 P66830 P66831 Q6GKH2 Q6GCZ1 P66832 P50060 P41979 P41980 Q59094 Q9P4T6 P86254 P28766 P83289 Q92450 Q877B6 P28760 P83076 Q9KD10 P54375 O30563 P53642 P41976 P28761 P57286 Q8K9V4 Q89AR7 Q8HXP0 O13401 P54712 O49066 P49114 O96347 Q9PKA0 Q9Z9C4 Q42684 O84296 P42821 P17550 Q6BQZ1 Q9RUV2 P11419 Q55BJ9 Q00637 P66828 P00448 Q838I4 P28762 Q92429 P00449 Q694A3 O30826 P43725 O08459 Q03302 P35017 Q9XS41 P28524 P04179 Q8HXP5 P0A4J1 P0A4J2 Q92BR6 P28763 P28764 P36215 Q8HXP3 Q8HXP4 Q8HXP2 Q5FB30 Q59679 P09671 P47201 P53643 P53644 Q59519 P46728 P50912 P13367 O86165 P53645 P53646 P53647 P53648 A0R652 P50913 P80582 P53649 P53650 Q9Y783 P11796 P53651 P41981 Q43008 P28765 Q8HXP7 Q9CPN6 P27084 O75007 P28767 P28768 Q8HXP6 P80293 Q9SM64 P53652 P77929 P41982 P22799 P07895 Q8Z2V9 P43019 Q8HXP1 Q9UQX0 P66829 Q9F326 Q8VQ15 Q5HNZ5 P0C0Q6 Q4L6Q3 Q49XZ6 Q9K4V3 P0A4J3 P0A4J4 P0A4J5 O33603 O33605 O54210 P80733 O54233 O33686 P09738 O54263 P0C0I1 P0DF72 Q5XBF8 Q8P0D4 O33756 P0A4J6 O54266 P0DF73 P0C0I0 P0A4J7 O33783 P53653 P61502 P61503 Q7SIC3 P0C0F9 P0C0F8 P00447 P53655 P80735 P80732 P80734	Superoxide dismutase.	False
1.16.3.1	O50171 P0A0R2 P56998 P0A0R1 A0R647 H8F1Z2 P9WNE4 P9WNE5 P22759 P49944 Q8FW95 Q93PP9 P0ABD4 P0ABD3 P43314 P63698 P43315 P45430 P9WPQ8 P9WPQ9 P13570 Q9HWF9 P77930 Q59738 O68926 O68935 Q9S2N0 P24602 P00450 Q61147 P13635 Q9XT27 Q9ZR07 Q05B87 Q9TY03 Q54C45 Q9W385 Q16595 Q8HXX9 O35943 D3ZYW7 O74831 Q07540 Q39101 Q96540 P07229 P29036 P19975 P19976 Q8RX97 Q9SRL5 P07798 P29390 P83445 Q94IC4 Q8H1T3 Q41709 Q9LYN2 Q948P6 O65100 Q9S756 Q948P5 P25319 P25320 Q7SXA6 P49948 P17663 P80145 O46414 Q95MP7 P08267 P29389 O46119 Q2MHN2 Q8MIP0 P02794 P09528 P19130 Q5R8J7 P85838 P25915 P19132 P49946 P18685 P85837 Q9XT73 P85836 P85839 P49947 P85835 P42577 P42578 P41822 Q94FY2 Q26061 P25699 Q2YDI9 Q8N4E7 Q9D5H4 Q6MZM0 Q3V1H3 I6WZK7	Ferroxidase.	False
1.16.3.3		Manganese oxidase.	False
1.17.3.1		Pteridine oxidase.	False
1.17.3.2	P80457 P47990 Q9MYW6 P47989 Q00519 P22985	Xanthine oxidase.	False
1.17.3.3		6-hydroxynicotinate dehydrogenase.	False
1.17.3.4		Juglone 3-hydroxylase.	False
1.2.2.4		Deleted entry.	False
1.2.3.1	Q7XH05 Q852M1 Q852M2 Q7G191 Q69R21 P48034 H9TB17 Q06278 Q5FB27 O54754 P80456 Q9Z0U5 H9TB19 C4NYZ3 Q5SGK3 Q5QE78 G3X982 Q5QE80 H9TB18 Q3TYQ9 Q5QE79 Q960A1 Q9FYG4 A0A2H4HHY6 Q01772 Q3HRQ2	Aldehyde oxidase.	False
1.2.3.10		Deleted entry.	False
1.2.3.13		4-hydroxyphenylpyruvate oxidase.	False
1.2.3.14	Q7G9P4	Abscisic-aldehyde oxidase.	False
1.2.3.15		(Methyl)glyoxal oxidase.	False
1.2.3.3	P37063 Q54970	Pyruvate oxidase.	False
1.2.3.4	P15290 P26759 P45850 P45851	Oxalate oxidase.	False
1.2.3.5		Glyoxylate oxidase.	False
1.2.3.6		Pyruvate oxidase (CoA-acetylating).	False
1.2.3.7	Q7G193 O23887 Q7G192 O23888 Q7G9P4 Q7G191	Indole-3-acetaldehyde oxidase.	False
1.2.3.8		Pyridoxal oxidase.	False
1.2.3.9		Aryl-aldehyde oxidase.	False
1.21.3.1	P05189 P27744 P05326 P16020 Q48739 P08703 P10621 Q53932 Q54243 P18286 P12438	Isopenicillin-N synthase.	False
1.21.3.2		Columbamine oxidase.	False
1.21.3.3	P30986 P93479	Reticuline oxidase.	False
1.21.3.4		Sulochrin oxidase ((+)-bisdechlorogeodin-forming).	False
1.21.3.5		Sulochrin oxidase ((-)-bisdechlorogeodin-forming).	False
1.21.3.6	Q9FRX6	Aureusidin synthase.	False
1.21.3.8	A6P6V9	Cannabidiolic acid synthase.	False
1.21.98.2	Q8KHV6	Dichlorochromopyrrolate synthase.	False
1.3.3.10		Tryptophan alpha,beta-oxidase.	False
1.3.3.11	Q49150 Q6F9J1 B7H2Y2 B7I6M6 B2I0I3 B0VQD5 B0V496 P07780 A5FUM6 B9JJ30 C1DEW7 Q89FG3 A4YZY5 A7MN58 B2VL12 Q9L3B2 Q0BQS6 B5XX60 A6T9H1 P27505 Q50438 Q48CT5 B7VAB8 Q02LD4 Q9I2C2 Q1IG47 A4XTR2 A5VXG6 B0KJ68 P55173 Q88QV6 B1JDZ8 Q88A82 Q4ZMC3 Q9EXV0 Q6N8F5 B3QBT0 A3PMI4 Q3IZR5 A4WPI0 B9KMC3 Q5LTB2 Q8PHY3 Q3BQI6 Q4UXI2 B0RQ27 Q8P6M9 Q2P4Y7 B2SSW1 Q5H233	Pyrroloquinoline-quinone synthase.	False
1.3.3.12		L-galactonolactone oxidase.	False
1.3.3.13	Q8GED9	Albonoursin synthase.	False
1.3.3.14	Q0PCD7	Aclacinomycin-A oxidase.	False
1.3.3.15	P32397 P0A5A8 Q50008 P9WMP0 P9WMP1 P56601 O32434 Q2FXA5	Coproporphyrinogen III oxidase (coproporphyrin-forming).	False
1.3.3.3	Q9LR75 Q8YZ37 Q93Z96 Q8YX58 A0KEX7 A4ST50 Q8UD80 B9J7B2 B9JZ61 Q0VTD7 Q5P7I0 Q7WL80 Q7W7U0 A9ITM7 Q7VWE7 Q89SC2 B2S710 Q2YS10 Q57BW7 A9M6L4 C0REI6 P63850 P63851 B1YU52 B1JW43 B4E5R8 Q0BD83 Q39E99 A9AJJ8 A3MI45 A2S4B5 Q62II8 A1V2G0 A3NT46 A3N7F7 Q63VT1 B0T8D1 Q9AAT8 B8GZX1 Q11GB4 Q1QTJ9 Q7P012 A8ADF0 A9KC01 A9NA93 Q83AZ6 A7MKX5 Q479T3 Q54IA7 Q9V3D2 A7ZPN6 B7UGD5 B7MHT7 B7LCI0 Q8XBI4 B5YZY1 B7NPX2 B7MY86 B7M6U5 C4ZX09 B1XAA7 A8A2T4 A1ADV0 Q0TF33 Q8FFA3 B1IWM6 P36553 B7N626 B6I512 B1LMN0 A4WD41 B2VI13 B7LKJ9 B0U151 Q14HF0 A7NC51 Q2A3H9 B2SGG9 A0Q6H6 Q0BLZ2 Q5NFZ8 A4IY09 Q7NEK3 Q42840 P36551 Q5QXJ4 B5XVR1 A6TC68 Q5X5U7 A5IBB3 Q5ZW72 Q5WX75 P84155 Q603L4 Q1H4H0 P36552 Q0AEP6 Q82TL0 A6WZC8 Q7XPL2 B2T2A3 Q142L8 Q6D8U8 C6D9M5 Q7N6Z9 Q6LLK0 A1VN15 Q12C42 A3PF71 A2C524 A8G786 A2BYW5 Q318G0 Q7V9T7 B4EZS7 Q7V568 Q7UZS3 A2BTG1 Q46IN4 Q48QH6 A6UX86 B7V0Q9 Q02V57 P43898 Q1I2G6 Q4KKQ4 C3K4I0 A4XNB8 A5VWK4 Q3KKE0 B0KF35 Q88RQ6 B1J4A2 Q88B49 Q500S4 A4VFI3 B2U8Z4 Q8XXC3 Q3B7D0 B3PV29 Q2K5S3 Q1MDJ5 B5ZY73 Q92PD8 C3PM25 A8GQB7 A8GY81 Q1RGQ3 Q92FV8 Q4UJP2 Q9ZC86 C4K2Y8 B0BVQ3 A8GU63 Q68VN1 Q21PU0 B5F0I0 A9MID0 Q57LQ6 B5FQE4 B5R4G0 B5RCS3 B4TCI1 B4T0I0 Q5PI28 A9N336 C0PZ88 B5BB50 B4TR28 Q8Z4U8 P33771 Q9UTE2 A8GHH2 A1S1K6 B8E3K7 A3CYL1 A6WHB7 Q12T99 B0TLD7 Q8EKQ2 A8GYI0 A4Y1D3 B8CHB9 A0KR67 A8FP82 Q0HPA0 Q0I0R6 A1RDY8 B1KCX1 B2TX24 Q31Y44 Q32DB7 Q0T273 Q83QN1 Q3YZA7 A6U9R1 Q2NS88 P35055 B4SNL7 B2FND0 Q5N3S5 Q7U4M7 Q3AWA8 Q3AMK3 P72848 Q8DL15 B8GTF9 Q42946 C5CLQ3 B7VMW3 A5F4C4 A7N128 Q9KVT4 C3LPC8 Q87KE3 Q8DDD5 Q7MGL4 Q8D1X2 Q8PF76 Q3BMT4 Q4UP76 B0RYP5 Q8P3Q0 Q2NY70 B2SK75 Q5GUY0 Q9PHC7 B0U1G5 Q87FB2 P11353 A1JL37 A7FG82 Q1C5T7 B2K962 Q8ZCF9 A9QZK6 Q1CJZ7 A4TMK2 Q668I6 B1JSJ6	Coproporphyrinogen oxidase.	False
1.3.3.4	Q8S9J1 Q94IG7 P55826 Q9AR38 Q9LRI8 O24163 O24164 P56602 Q54DT8 P50336 Q60HD5 P51175 Q10062 P40012	Protoporphyrinogen oxidase.	False
1.3.3.5	Q12737	Bilirubin oxidase.	False
1.3.3.6	Q9ZQP2 Q9LMI7 O65202 Q3SZP5 Q9Z1N0 Q54GQ6 Q7KML2 Q15067 Q9R0H0 Q8HYL8 Q5RC19 P07872 O74934 O65201 Q00468 P11356 O64894 O74935 P0CZ23 O15254 Q9EPL9 Q5RAU0 Q63448 O74936 Q96329 P05335 P06598 P08790 Q756A9 Q6FY63 Q6BRD5 Q6CKK7 Q9Y7B1 P13711 P34355 P0CZ24	Acyl-CoA oxidase.	False
1.3.3.7		Dihydrouracil oxidase.	False
1.3.3.8		Tetrahydroberberine oxidase.	False
1.3.5.6	Q38893 Q9SMJ3 Q9ZTP4 O49901 Q9R6X4 C3VEQ0 Q9SE20 Q31N27 P74306 Q9FV46	9,9'-di-cis-zeta-carotene desaturase.	False
1.3.99.26	Q02861	All-trans-zeta-carotene desaturase.	False
1.3.99.28	P17054 P54980	Phytoene desaturase (neurosporene-forming).	False
1.3.99.30	P48537 P21334 P54982	Phytoene desaturase (3,4-didehydrolycopene-forming).	False
1.3.99.31	P21685 P54978 P22871	Phytoene desaturase (lycopene-forming).	False
1.4.3.1	O45307 A8WXM1 Q19564 O01739 P31228 Q556W1 Q99489 Q922Z0 A3KCL7	D-aspartate oxidase.	False
1.4.3.10	P40974	Putrescine oxidase.	False
1.4.3.11		L-glutamate oxidase.	False
1.4.3.12		Cyclohexylamine oxidase.	False
1.4.3.13	F1QQC3 A1L1V4 F1RD85 B8A4W9 A6H737 E1C3U7 Q9Y4K0 P58022 Q5RFQ6 B5DF27 Q08B63 B4F6N6 P58215 Q9Z175 P33072 Q05063 P28300 P28301 P45845 P16636	Protein-lysine 6-oxidase.	False
1.4.3.14		L-lysine oxidase.	False
1.4.3.15		D-glutamate(D-aspartate) oxidase.	False
1.4.3.16	Q8XWM7 Q8XQG4 Q8U8J4 O66973 Q94AY1 Q9KDJ5 P38032 Q9A4C3 Q97K95 Q8XNE2 Q8XA23 P10902 Q9HNZ0 Q929Z2 Q8Y5N4 P65500 Q49617 P9WJJ8 P9WJJ9 Q9JSX4 Q9K107 Q8YXJ6 Q6Z836 Q51363 Q9V2R0 Q8TZL4 O57765 Q98AV8 Q92R32 Q59767 Q97ZC5 Q8Z4K0 Q8ZMX9 Q9X8N8 Q972D2 P74562 Q9KPA4 Q9PC57 Q87D19 Q8ZD80	L-aspartate oxidase.	False
1.4.3.18		Deleted entry.	False
1.4.3.19	S5FMM4 O31616 Q5L2C2 P33642 Q88Q83 Q8YRC9 Q55710 Q3M859	Glycine oxidase.	False
1.4.3.2	P86535 F8S0Z5 P0DI90 P0DI85 X2JCV5 P0DQH9 P0CC16 Q6IWZ0 P86163 Q6T627 P0DI86 P0CC17 P0DMG8 P0DMG9 P0DI87 P0DI88 Q6TGQ9 P0DI89 P0CJ40 Q6TGQ8 B3EWI9 B5AR80 X2L4E2 P0C2D1 A0A024BTN9 A8QL52 A8QL51 P81382 O93364 P56742 P0C2D2 K9N7B7 C0HJE7 G8XQX1 Q4F867 A6MFL0 B5U6Y8 P0C2D3 Q90W54 Q6STF1 Q96RQ9 J7H670 P81375 A0A2U8QPE6 O09046 O08615 A8QL58 P0C2D4 P0DI91 P23623 Q4JHE2 P81383 Q4JHE3 P0C2D5 P0C2D6 Q4JHE1 Q8VPD4 P86810 B0VXW0 P0DPS2 Q6WP39 P0DI84 P0C2D7 D2KKB4 Q54EW2 O34363	L-amino-acid oxidase.	False
1.4.3.20	F2JXJ3	L-lysine 6-oxidase.	False
1.4.3.21	Q07121 P0DO00 Q07123 Q8H1H9 P46883 P49250 P80695 P49252 Q43077 P12807 O23349 O75106 Q812C9 Q9TTK6 Q16853 O70423 Q5R9I0 O08590 Q29437 O46406 Q9P7F2 O42890 P46881	Primary-amine oxidase.	False
1.4.3.22	Q12556 Q59118 P19801 Q8JZQ5 Q9TRC7 P36633	Diamine oxidase.	False
1.4.3.23	Q8KHS0 Q9S3V1	7-chloro-L-tryptophan oxidase.	False
1.4.3.24	H8ZPX1	Pseudooxynicotine oxidase.	False
1.4.3.25	Q96RQ9 O09046 O08615	L-arginine oxidase.	False
1.4.3.3	P9WP26 P9WP27 A8XJ44 Q95XG9 Q9Z1M5 Q9Z302 P24552 P14920 A2V9Y8 P18894 P00371 P22942 O35078 P80324 Q9Y7N4 Q99042	D-amino-acid oxidase.	False
1.4.3.4	P21398 P58027 Q54IT3 Q5NU32 P21397 Q64133 Q6Q2J0 Q5RE60 P21396 O18851 P56560 Q7YRB7 P58028 Q556K3 P27338 Q8BW75 Q6PLK3 Q5RE98 P19643 Q556K4 P46882 Q6NSN2 P49253	Monoamine oxidase.	False
1.4.3.5	Q9UTQ1 P38075 Q31IR4 Q8Y1C3 Q31E41 Q8XS03 B0C079 A1TQY3 Q6F718 B7ICC6 B2I1H7 B0VNC8 A3M9W4 B0V9C9 A0LR32 A5FWR6 A1W7K9 A3N3U7 B3GZF5 B0BU37 A6VKX9 A0KI46 A4SKR0 Q8UHC2 B9JAN3 B9JSN3 Q0VSU8 Q5DYB5 B5EVT2 B6EQ13 Q0A757 B4RVA4 Q2IHV2 Q5PBF2 Q2GJ82 A8EV17 A8HRJ3 C1DEH4 Q5LFJ5 Q64WC2 Q8A7E7 A1URW0 Q6G4D7 Q6G0E0 Q1LU04 Q6MK45 Q7VR53 Q492T8 Q2KVR0 Q7WG77 Q7W4Q1 A9I847 Q7VU72 Q89RY8 A5EEN4 A4YQ21 B2S9Q7 Q2YMD1 Q57EU9 A9M8J1 C0RHC3 Q8YFK3 A5VNZ1 B0CKA2 Q8G2A9 B1YVG1 Q1BU45 B1JXH8 A0K9Z1 B4E9I1 Q0BCF1 Q39DH2 A9AGI1 A3MHF0 A2S933 Q62M91 A1V1A2 A3NS64 Q3JVD0 A3N6I1 Q63WN7 Q2T0M6 A4JHA1 Q20939 Q9A9Q6 B8H292 Q11KF1 Q1QWA6 Q7P203 A8AH19 Q487G8 Q83D18 B1WR90 A7MMK2 Q1LK07 Q0K7Z0 Q474I9 B3R5Q8 B8HMK7 Q11U72 C1D0Z0 Q1J188 Q9RX20 A5EXX0 A7ZMA0 B7URX9 B7M9Z2 B7L5J1 Q8X647 B5Z472 B7NTZ4 B7MVB6 B7M0J5 C4ZYA1 B1XFV0 A8A0I1 A1ABI3 Q0THJ0 Q8FH87 B1IQB6 P0AFI7 B7NB92 B6IB77 B1LEP8 Q1RBF7 C5BE32 Q3YSS1 Q2GFR2 Q5FH81 Q5HBZ2 A4W9V9 B2VEN4 Q2N6B2 B7LQN2 A5FB76 A6H098 Q0RUF3 Q2JGW9 B7K9I2 Q5FPH2 Q0BVM8 A0M2G0 Q7VP83 Q4QM38 P44909 Q2SDP4 A1WXY4 A4G883 Q0C3Z2 Q5QTW7 A6T1X9 Q28PH0 A6WE21 A6T9Y6 Q5X7K4 A5IH19 Q5ZY37 Q5WZ02 B0SGE9 Q04R37 Q04ZE7 B0SPV0 B1XYE2 Q72PF1 Q8F6Y3 Q2W8Y5 Q65QT9 A1TWZ3 Q0ARD7 A2SJZ5 B0JI39 A0QBI8 P65683 A1KLV7 C1AF78 A4T792 O33065 Q742K7 A0R420 A3Q628 A1ULM8 Q1B3H2 A5U5V8 P9WIJ0 P9WIJ1 A1TF46 P21159 Q1DCS1 Q5F8V2 B4RM90 A9M007 Q9JTZ1 Q9JYZ5 A1KUI2 Q1QQ51 Q3SV02 Q5Z236 A1SEM4 B2IX27 Q8YXG5 Q2GCC6 A6WWA8 A1B0C6 A7HR80 B2JDT0 B2SY78 Q13UP6 Q6D5V3 Q4FN05 Q7N3W5 Q6LFS0 A4SWL7 A1VRL0 Q126S5 B2RHS7 Q7MU50 A2CDU4 B4EWL7 Q7V3Y6 Q48LQ7 Q15R35 A6V9E9 B7UXE2 Q02IL5 Q9I4S5 Q1IDT9 Q4KH71 C3K863 A4XS85 A5VZL6 Q3KGY4 B0KUA9 Q88NS5 B1J1C4 Q87XR0 Q3IDP4 Q4ZPN9 A4VJR0 Q4FS02 Q1QC15 A1SUY2 A5WEW5 B2U826 B3PSA1 Q2KBN4 Q1MKJ4 Q986A0 B5ZSU2 Q92RH8 Q7UKQ9 Q21WR9 Q0S6R1 Q2J0U5 Q07HS0 Q6NAI9 Q21A86 Q13BJ4 B3QIK5 Q2RR21 A3PIG5 Q3J3Y3 B7JZR4 Q163Z1 Q1ATH8 Q5LRI7 Q1GHI5 A1AW86 Q21IG1 A4F7G2 B5F6J9 A8M0C0 Q57PI9 B5FIF5 B5QV11 B5RAL1 B4THC5 B4T585 Q5PIK6 A9N035 C0Q5T4 B5BKC1 Q2S544 B4TV07 Q8Z6Q2 Q8ZPM9 A8GDX9 A1S710 B8EAI0 A3D3G4 A6WM67 A9KY72 Q12LW9 Q083L3 B0TQX6 A3QDE1 Q8ED71 A8H5G0 A4Y5Z1 A0KVP0 A8FWJ0 Q0HJY0 Q0HW76 A1RKK6 B1KRD7 B2U2D8 Q320Z5 Q32FD5 Q0T4D9 P0AFI8 Q3Z1Z4 C3MHI2 A6U6T5 Q2NT03 Q1GVE7 A5VFM5 Q82GN9 Q9K3V7 P74211 C5BN92 Q8DLZ5 Q47TD1 Q3MFQ5 A1WL02 A5CX08 B7VPY4 A5F176 A7N7P0 Q9KKM4 C3LWZ1 Q87FE9 Q8D510 Q7MBT9 Q8D2L7 Q73G09 Q8PI89 Q3BQS3 Q4UX84 Q8P6X5 Q2P6C7 Q5H3H2 A7II77 Q9PDP2 Q87DU7 A1JNV9 A7FHL9 Q1C790 Q8ZE19 A9QZ96 Q1CIM4 Q66A48 Q9RNP3 Q1PCB0 Q5E9K3 Q54YS6 Q9NVS9 Q91XF0 O88794 Q9LTX3 Q9ZPY1	Pyridoxal 5'-phosphate synthase.	False
1.4.3.7		D-glutamate oxidase.	False
1.4.3.8		Ethanolamine oxidase.	False
1.4.9.2	P84887 P84888	Aralkylamine dehydrogenase (azurin).	False
1.5.3.1	P40873 P40859 P23342 Q827H4 P40854 Q9AGP1 Q46337 O87386 Q9AGP3 P40875 O87388 Q52671 Q9AGP2 Q46336 O87387 Q9AGP0 Q46338 Q9SJA7 Q29RU9 Q18006 Q9P0Z9 Q9D826 P79371 Q54EW2	Sarcosine oxidase.	False
1.5.3.10	Q9AGP8	Dimethylglycine oxidase.	False
1.5.3.12		Dihydrobenzophenanthridine oxidase.	False
1.5.3.13	Q865R1 Q6QHF9 Q8C0L6	N(1)-acetylpolyamine oxidase.	False
1.5.3.14	O64411	Polyamine oxidase (propane-1,3-diamine-forming).	False
1.5.3.15	O64411	N(8)-acetylspermidine oxidase (propane-1,3-diamine-forming).	False
1.5.3.16	Q9FNA2 Q8H191 Q9NWM0 Q99K82	Spermine oxidase.	False
1.5.3.17	P50264 Q9FNA2 Q9LYT1	Non-specific polyamine oxidase.	False
1.5.3.18	Q9UTM9	L-saccharopine oxidase.	False
1.5.3.19	Q8GAI3	4-methylaminobutanoate oxidase (formaldehyde-forming).	False
1.5.3.2		N-methyl-L-amino-acid oxidase.	False
1.5.3.20		N-alkylglycine oxidase.	False
1.5.3.21	Q8GAJ0	4-methylaminobutanoate oxidase (methylamine-forming).	False
1.5.3.22		Coenzyme F420H(2) oxidase.	False
1.5.3.23		Glyphosate oxidoreductase.	False
1.5.3.4		N(6)-methyl-lysine oxidase.	False
1.5.3.5		(S)-6-hydroxynicotine oxidase.	False
1.5.3.6	P08159	(R)-6-hydroxynicotine oxidase.	False
1.5.3.7	O43029 Q29RU9 Q9P0Z9 Q9D826 P79371 Q54EW2	L-pipecolate oxidase.	False
1.5.99.6		Spermidine dehydrogenase.	False
1.6.3.1	O61213 Q9MZF4 Q9NRD9 Q8HZK3 Q8CIY2 Q9NRD8 Q8HZK2 Q9ES45 Q9VQH2 P49109 P49326 P97872 Q04799 Q8K4C0	NAD(P)H oxidase (H(2)O(2)-forming).	False
1.6.3.2		NAD(P)H oxidase (H(2)O-forming).	False
1.6.3.3		NADH oxidase (H(2)O(2)-forming).	False
1.6.3.4	Q97K92 Q97GC0	NADH oxidase (H(2)O-forming).	False
1.6.3.5	Q5VYX0 A7RDN6 Q48MT7 Q888A4 Q5U2W9	Renalase.	False
1.7.2.1	Q02219 Q9JTB8 Q9JYE1 Q92Z29 Q51700 P72181 P24474 P24040 P25006 P38501 P81445 Q06006 Q01537 Q60214 Q53239	Nitrite reductase (NO-forming).	False
1.7.3.1	Q8X1D8 B2AM55	Nitroalkane oxidase.	False
1.7.3.2		Acetylindoxyl oxidase.	False
1.7.3.3	Q45697 O32141 P34798 P04670 P34799 O04104 Q8MKJ2 O04420 D0VWQ1 Q00511 Q3MHG7 Q5FZI9 P78609 Q6DG85 Q54LT2 P16163 P22673 O44111 P23194 P33282 D8JBB7 D4GPU7 Q8MHW6 Q8MKJ3 P25688 P25689 P53763 P16164 P82858 P11645 P09118 O74409	Factor independent urate hydroxylase.	False
1.7.3.5		3-aci-nitropropanoate oxidase.	False
1.7.3.6		Hydroxylamine oxidase (cytochrome).	False
1.8.3.1	Q9S850 P07850 Q9VWP4 P51687 Q60HD0 Q8R086 Q07116	Sulfite oxidase.	False
1.8.3.2	Q6GZN7 P55789 P56213 Q63042 P21050 P23373 P0DOL5 P0DOL6 Q8GXX0 Q10Q80 O14144 P27882 Q9Y806 Q12284 Q65163 P0C8G8 Q9JFM9 P0C8G9 P41480 Q8W4J3 O08841 Q8JGM4 O00391 Q8BND5 Q6AUC6 H2N4I1 Q6IUU3 Q9ZU40 Q6ZRP7 Q3TMX7 Q6AX23 Q9J5C7 Q196W4 Q91FH7 Q5UQV6 Q5UP54	Thiol oxidase.	False
1.8.3.3		Glutathione oxidase.	False
1.8.3.4	A0A291P0C1 Q5LKW0 Q52KZ7 Q6DCH7 Q2KJ32 Q6PHD9 Q13228 P17563 Q5RF48 Q8VIF7 Q569D5	Methanethiol oxidase.	False
1.8.3.5	Q9UHG3 Q95KC9 Q9CQF9 Q5R748 Q99ML5	Prenylcysteine oxidase.	False
1.8.3.6	P57681	Farnesylcysteine lyase.	False
1.8.3.7	I6Y8I5 Q9F3C7 D1A7C3 Q0P5L5 Q8NBK3 Q8R0F3	Formylglycine-generating enzyme.	False
2.6.1.114	K4REZ6	8-demethyl-8-aminoriboflavin-5'-phosphate synthase.	False
4.1.1.107	O96569 P18486 P81893 Q16S21 Q06086 Q8RY79	3,4-dihydroxyphenylacetaldehyde synthase.	False
4.1.1.108	Q06086 A0A2I6B3P0	4-hydroxyphenylacetaldehyde synthase.	False
4.1.1.109	Q8RY79 Q0ZQX0 Q0ZS27	Phenylacetaldehyde synthase.	False
4.1.1.39	B7JB30 P0C916 P22849 A5E993 A4YNR1 Q31IK0 Q59458 A2SFV1 Q1QH22 Q3SR45 Q37BZ5 B7JA24 P0C917 P22859 A5EF40 A4YQD3 Q31HD9 Q59460 A2SJJ7 Q1QGD4 Q3SNG2 Q37G91 A5EQ63 P0C2C2 Q0K1E0 Q1QFS0 P42721 O85040 P58348 O32740 Q6N9J0 A4WW35 P27997 P56889 Q56259 Q9ZHZ1 Q479W5 Q9ZHZ4 Q5ENN5 Q31IK3 Q59462 Q42813 Q8RTI2 Q2W3S5 A1VNQ9 Q6Y9H0 P50922 D5AUD5 Q21YM9 Q2J1J9 Q07N61 Q6N0W9 Q213J3 Q37D32 B3QB68 Q2RRP5 P04718 A3PRW6 Q3IX55 A4WZV1 P29278 B9KTC8 Q41406 Q60028 O84917 O78258 O78259 P24671 O78261 O78262 O78260 B0CCC1 P28376 A5FWR1 A9LYA9 Q3V526 P43222 P28377 O99000 P36476 P43223 P28378 P25413 P25414 Q31827 A4QJC3 A4QJK7 P24680 A1EA16 Q07209 Q31655 Q07281 P34767 Q0A4R1 P25826 Q06021 P24672 P16306 P48682 Q70XZ5 Q8MD78 P48683 Q31674 B0YPN8 Q31680 P28258 Q31795 P36478 Q31669 Q31672 Q05554 P43224 P24624 Q31859 P28379 P28380 Q05984 A4QK26 O03042 O28635 P25827 Q32663 Q32668 P93890 P43225 P36479 P36480 P92445 Q31809 Q8RU60 P19160 P20455 Q48952 Q9MTE7 P48684 P51994 P28381 Q33162 Q05795 P28382 Q37192 A4QKB3 P25828 Q31730 P48685 O99001 P28383 Q31715 P36481 P28384 Q06022 Q06J26 O19872 P43226 Q05985 P36477 Q31886 B3TN59 Q9ZI34 P48686 Q05796 Q31738 P93988 P26958 P36482 O19989 P28385 A6MM44 P31180 P28386 P28387 Q05797 O63094 Q31750 P36483 Q7YJW4 Q05986 P28388 P48687 P25829 Q95694 P31181 P27063 Q31951 A4QKK0 Q06023 P48688 P48689 P28389 O20304 P48690 Q33383 Q9GGX6 P26959 P28390 Q33323 Q05798 P25830 P28391 Q05987 Q8SN66 Q1ACK0 P43227 P36484 Q19V64 P08211 P00877 A6MMD0 P12466 P48691 Q08051 P43228 P48693 Q09MH0 P28392 O20346 P48694 P31182 P48695 Q07210 P28446 Q05988 Q31948 P28393 Q06024 Q31983 Q33369 P31183 P28394 Q32040 Q32042 Q32041 Q05579 O98883 P28395 B1WXH3 Q31946 Q31992 A4QKT9 P48696 P48697 P27064 Q32026 Q1LN92 B3RBL8 A8W3D6 A7M906 A8W3J2 P30401 Q49CC1 P37393 Q85G81 B8HQS5 P24312 A6H5I5 P24673 P28396 P28397 P28398 P48698 Q0G9V4 P48699 Q33406 O98945 P48700 P48701 P31184 P28399 P28400 A6MML5 P28401 A4QL27 Q06GY9 P28402 P28403 P28404 P28405 P28406 P28407 P28408 P28409 P28410 P28411 P28259 Q2TGZ2 P24313 Q4G3F4 P28412 Q37328 Q32223 P48702 Q33443 P28413 Q33438 Q49KZ0 P28414 P28415 P48069 P48070 P00878 P26490 P48072 P48073 P48074 P48075 P31186 P69567 P69568 P69569 Q05799 Q05989 Q7GDW5 P19161 P19162 Q33528 Q05990 P48703 Q32255 Q32256 Q32271 Q32283 Q32303 Q32345 Q32344 Q32360 P23755 P28416 P51101 P31188 P28418 P48704 P93906 P48705 B7K7P3 Q7NIM7 O62970 A6BM42 A0ZZ43 P14958 Q6B8P0 B2LMK1 P14957 O98890 A1WVW0 P28419 P48692 P28421 P45738 P28422 P28423 P31189 P05698 P28424 Q5SCV9 Q32397 Q9ZB35 Q51856 P28425 Q9BA49 P31190 Q9XPR5 P31191 P31192 P28426 Q07049 A6MMV2 P28260 P92306 Q37227 P92463 Q06RC1 P28427 P28428 P26960 O98664 P48706 P69570 Q33584 Q33600 A9L9A4 A4QLB4 Q05991 Q01873 P93913 P30827 A4QLK2 P28429 A8Y9H8 Q9BBU1 P69572 P69573 P69574 P92397 P69575 P69576 P69577 P69578 P69579 P92401 P69580 P69581 P69582 P69583 P69584 P92406 P69585 P92407 P69586 P69587 P69588 P69589 P69590 P69591 P30732 P30828 P31193 P30829 P61293 P00874 P31194 B1NWF8 P28430 P06292 P48707 P04991 P31195 Q9MUT6 Q8THG2 Q46E16 Q603Q7 B3DVG5 Q58632 Q8PXG9 B0JVL8 P28452 P25831 P25832 Q33619 P28431 P28432 Q09X09 P48708 Q32625 Q32016 O20241 A4QLU1 P28433 Q05800 P31196 P28434 Q9T4F2 P19163 P19164 P11421 P48709 P11422 Q32686 Q3C1J4 Q33C26 Q0AHW1 Q82TG6 Q2YB78 Q3JE87 Q8VW94 Q93A90 Q8VQ84 Q59613 Q9XD77 Q32699 B2J8T2 P00879 Q32701 Q05801 Q6EW71 Q05802 P28261 P28435 B2X1Y2 B0Z4K9 B0Z4U3 Q9MTP9 B0Z527 B0Z5B1 Q6LBA6 P14959 A4QJU1 Q20EX7 P48710 Q36610 Q6ENG6 P0C510 P0C511 P0C512 P33536 Q0P3J3 Q06025 P28436 Q9XQJ6 Q68RZ8 O98668 A1B2Q2 P28437 B2JX50 Q13QV1 P28438 A5CKB9 P04717 Q32770 P28417 P28439 Q32890 P30830 O04435 P04992 Q3BAN4 Q9TK52 A4GG89 P31197 P28262 Q32908 P25833 P34915 P48711 P24674 P26961 P26962 P28440 P24675 Q7GUD0 P26963 P24677 P24678 P81080 P24679 P41621 Q8WKC9 P24676 Q06GQ2 P28441 P28442 A6YG96 Q43036 P28443 P48712 Q05992 Q9GHP8 Q14FE9 P48713 A4GYR8 Q09119 P50255 P51226 Q760R7 P27568 P28444 A3PBS4 A2C106 A8G3R5 A2C7U9 A9BEH3 A2BVL2 Q31BY4 Q7VD33 Q7V6F8 Q7V2D0 A2BQ31 Q46GN1 P28445 P24681 P69571 P48714 Q33015 O98360 P23651 Q9UZD7 Q760S7 Q8U1P9 Q760R5 O58677 Q760R9 Q760T5 Q01874 P31198 A6MVT9 P28447 Q2IT03 Q07RX1 Q219P7 B3Q7E1 A3PNX7 Q3IYC2 B9KQ06 P31199 P25834 P28448 P31200 Q33050 P28449 Q6L391 Q6ENV5 P36485 P31201 P31202 P28450 P28451 P36486 P25835 P28453 P28454 P28455 P93880 P25836 P36487 O62943 P56647 Q33062 P25837 P48715 Q2MIH9 Q33101 P27065 P25079 A1E9T2 Q673V5 P27066 P36488 P48716 P00875 Q32RY7 P25838 P46820 Q06SI3 Q36800 P36489 Q05993 Q31NB3 Q2JV67 Q2JIP3 Q44176 P00880 P96486 Q7U5I8 A5GS63 Q0I8Q2 Q3AWU1 Q3ALL1 Q02518 P54205 Q37282 P93869 P28456 Q9MVE5 O98671 Q1KVV0 O98947 A0T0N6 Q8DIS5 O93627 B6YXA9 P28457 B8GQP8 P00876 P49520 Q10WH6 P25839 Q3M674 P28458 P48717 P26964 Q3ZJ74 Q33245 P28420 P93998 Q33274 P43229 C5CPR2 P36490 P28459 Q05803 P05699 O62964 P27067 Q05994 Q05995 P48718 P28460 P85085 P56648 P93936 P31203 P48719 P11383 P23011 A7IGM0 O98681 Q32RQ1 P10647 P10795 P10796 P16134 P16129 P28896 P22850 Q42516 P05346 P00873 Q39743 O24634 Q59459 P00872 P16032 P69250 A2Y205 Q0INY7 P00868 P04714 P27998 P08706 P26574 P00865 P00870 P00871 P07179 P10797 P16135 P16130 Q07088 P22860 Q9XGX5 P27985 P08475 Q39744 O22572 Q59461 P19308 Q04450 P22433 P18566 P00869 P04715 Q43832 P26667 P07180 P10798 P05349 P16136 P16131 Q9XGX4 Q39745 O22573 P19309 Q08183 P07689 P32764 P07398 P16137 P16132 Q39746 P19310 Q08184 P12468 P16138 P16133 Q39747 O22645 P19311 Q08185 Q38692 Q39748 P19312 Q08186 Q38693 Q39749 P26573 P26575 P26576 P09658 P26577 Q59102 Q38793 P24682 P83160 P25458 P26985 Q96542 Q9ZI33 O65349 C0HLR0 P17537 Q08052 P08474 P37394 O22024 P18062 P24683 O98946 P24395 P16881 O22077 P07089 P23756 Q42823 Q42822 P31333 P14960 P45686 P08705 P29684 Q40004 Q51857 Q40250 P16031 P05348 Q02980 Q42915 O64416 O65194 O24045 A0A0S4IJL0 Q59614 P06514 P14961 P80657 P10053 Q09125 Q760S4 P51227 P27569 P23652 Q760S6 Q760R4 Q760R8 P24007 Q760T4 P08135 P58349 O32741 Q41373 P18960 P13951 P56890 Q41351 Q31NB2 Q44178 P04716 P0A4S6 P0A4S5 P54206 O98948 Q8DIS7 Q56260 P69249 P49521 P17673 P23012 O48550	Ribulose-bisphosphate carboxylase.	False
4.1.1.90	Q07175 Q9MYY3 P38435 Q9QYC7 Q5RF50 O88496 Q9GL59	Peptidyl-glutamate 4-carboxylase.	False
4.1.99.5	B2J1M1 Q7V6D4 Q54764 Q55688 F4HVY0 Q8H1Z0 A2Z1F5 Q69PA8 B8AIW3 Q6ETL8 Q67WQ7 B8AFI3 Q6K9F6 B8BHF1 Q7XDI3 A2XAY1 Q6K3D8 Q7XPZ4 B8B6I2 Q69L93 B8B4W4 Q0D4G3 Q9AV39 B8BIM2 Q2QZ14	Aldehyde oxygenase (deformylating).	False
